-- CREATE USER team9 WITH PASSWORD 'dbteam9';
CREATE DATABASE phase2;

GRANT ALL PRIVILEGES ON DATABASE phase2 TO team9;

\c phase2;

CREATE TABLE GENRE (
	GENRE_NAME	        varchar(20)	NOT NULL,
	GENRE_DESCRIPTION	varchar(300)	NULL,
	PRIMARY KEY (GENRE_NAME)
);

CREATE TABLE RATING (
	RATING_NO	        int	        NOT NULL,
	RATING_SCORE	    int	        NOT NULL,
	RATING_DESCRIPTION	varchar(100)	NULL,
	PRIMARY KEY (RATING_NO)
);

CREATE TABLE ACTOR (
	ACTOR_IDENTIFICATION_NO	varchar(20)	NOT NULL,
	ACTOR_NAME	            varchar(50)	NOT NULL,
	ACTOR_BDAY	            DATE	        NULL,
	ACTOR_NATIONALITY	    varchar(20)	NOT NULL,
	PRIMARY KEY (ACTOR_IDENTIFICATION_NO)
);

CREATE TABLE ACCOUNT (
	ACCOUNT_ID		    varchar(20)	NOT NULL,
	ACCOUNT_PW	        varchar(20)	NOT NULL,
	ACCOUNT_NAME	    varchar(50)	NOT NULL,
	ACCOUNT_BDAY	    DATE	        NULL,
	ACCOUNT_SEX	        varchar(10)	NULL,
	ACCOUNT_ADDRESS	    varchar(100)	NULL,
	ACCOUNT_PHONE	    varchar(20)	    NOT NULL,
	ACCOUNT_IDENTITY	varchar(10)	    NOT NULL,
	ACCOUNT_JOB	        varchar(50)	NULL,
	ACCOUNT_MEMBERSHIP	varchar(10)	NULL,
    PRIMARY KEY (ACCOUNT_ID)
);

CREATE TABLE MOVIE (
	MOVIE_REGISTER_NO	varchar(20)	NOT NULL,
	MOVIE_TITLE	        varchar(100)	NOT NULL,
	MOVIE_TYPE	        varchar(20)	NOT NULL,
	MOVIE_RUNTIME	    int	        NULL,
	MOVIE_START_YEAR    DATE            NULL,
	PRIMARY KEY (MOVIE_REGISTER_NO)
);

CREATE TABLE EPISODE (
	EPISODE_NO		    int	        NOT NULL,
	EPISODE_NAME	    varchar(100)	NOT NULL,
	MOVIE_REGISTER_NO	varchar(20)	NOT NULL,
	PRIMARY KEY (EPISODE_NO),
	FOREIGN KEY (MOVIE_REGISTER_NO) REFERENCES MOVIE(MOVIE_REGISTER_NO)
);

CREATE TABLE VERSION (
    VERSION_IDENTIFICATION_NO   int          NOT NULL,
	VERSION_COUNTRY	            varchar(20)	NOT NULL,
	VERSION_NAME	            varchar(100)	NOT NULL,
	MOVIE_REGISTER_NO	        varchar(20)	NOT NULL,
    PRIMARY KEY (VERSION_IDENTIFICATION_NO),
	FOREIGN KEY (MOVIE_REGISTER_NO) REFERENCES MOVIE(MOVIE_REGISTER_NO)
);

CREATE TABLE CATEGORY (
	GENRE_NAME	        varchar(10)	NOT NULL,
	MOVIE_REGISTER_NO	varchar(20)	NOT NULL,
    PRIMARY KEY (GENRE_NAME, MOVIE_REGISTER_NO),
    FOREIGN KEY (GENRE_NAME) REFERENCES GENRE(GENRE_NAME),
    FOREIGN KEY (MOVIE_REGISTER_NO) REFERENCES MOVIE(MOVIE_REGISTER_NO)
);

CREATE TABLE APPEARANCE (
	MOVIE_REGISTER_NO	    varchar(20)	NOT NULL,
	ACTOR_IDENTIFICATION_NO	varchar(20)	NOT NULL,
	PRIMARY KEY (MOVIE_REGISTER_NO, ACTOR_IDENTIFICATION_NO),
	FOREIGN KEY (MOVIE_REGISTER_NO) REFERENCES MOVIE(MOVIE_REGISTER_NO),
	FOREIGN KEY (ACTOR_IDENTIFICATION_NO) REFERENCES ACTOR(ACTOR_IDENTIFICATION_NO)
);

CREATE TABLE WRITE_RATE (
	RATING_NO	        int	        NOT NULL,
	ACCOUNT_ID		    varchar(20)	NOT NULL,
    MOVIE_REGISTER_NO	varchar(20)	NOT NULL,
	PRIMARY KEY (RATING_NO, ACCOUNT_ID, MOVIE_REGISTER_NO),
	FOREIGN KEY (RATING_NO) REFERENCES RATING(RATING_NO),
	FOREIGN KEY (ACCOUNT_ID) REFERENCES ACCOUNT(ACCOUNT_ID),
    FOREIGN KEY (MOVIE_REGISTER_NO) REFERENCES MOVIE(MOVIE_REGISTER_NO)
);

commit;

insert into genre values ('Action', 'Action film is a film genre in which the protagonist or protagonists are thrust into a series of events that typically include violence, extended fighting, physical feats and frantic chases.');
insert into genre values ('Comedy', 'A comedy film is a category of film in which the main emphasis is on humor. These films are designed to make the audience laugh through amusement and most often work by exaggerating characteristics for humorous effect.');
insert into genre values ('Romance', 'Romance films or romance movies are romantic love stories recorded in visual media for broadcast in theaters and on TV that focus on passion, emotion, and the affectionate romantic involvement of the main characters and the journey that their love takes them through dating, courtship or marriage.');
insert into genre values ('Drama', 'In film and television, drama is a category of narrative fiction (or semi-fiction) intended to be more serious than humorous in tone.');
insert into genre values ('Thriller', 'Thriller film, also known as suspense film or suspense thriller, is a broad film genre that evokes excitement and suspense in the audience. The suspense element found in most films’ plots is particularly exploited by the filmmaker in this genre.');

insert into rating values (1, 10.0, 'Awesome!');
insert into rating values (2, 10.0, 'Awesome!');
insert into rating values (3, 10.0, 'Awesome!');
insert into rating values (4, 10.0, 'Awesome!');
insert into rating values (5, 10.0, 'Awesome!');
insert into rating values (6, 10.0, 'Awesome!');
insert into rating values (7, 10.0, 'Awesome!');
insert into rating values (8, 10.0, 'Awesome!');
insert into rating values (9, 10.0, 'Awesome!');
insert into rating values (10, 10.0, 'Awesome!');
insert into rating values (11, 10.0, 'Awesome!');
insert into rating values (12, 10.0, 'Awesome!');
insert into rating values (13, 10.0, 'Awesome!');
insert into rating values (14, 10.0, 'Awesome!');
insert into rating values (15, 10.0, 'Awesome!');
insert into rating values (16, 10.0, 'Awesome!');
insert into rating values (17, 10.0, 'Awesome!');
insert into rating values (18, 10.0, 'Awesome!');
insert into rating values (19, 10.0, 'Awesome!');
insert into rating values (20, 10.0, 'Awesome!');
insert into rating values (21, 10.0, 'Awesome!');
insert into rating values (22, 10.0, 'Awesome!');
insert into rating values (23, 10.0, 'Awesome!');
insert into rating values (24, 10.0, 'Awesome!');
insert into rating values (25, 10.0, 'Awesome!');
insert into rating values (26, 10.0, 'Awesome!');
insert into rating values (27, 10.0, 'Awesome!');
insert into rating values (28, 10.0, 'Awesome!');
insert into rating values (29, 10.0, 'Awesome!');
insert into rating values (30, 10.0, 'Awesome!');
insert into rating values (31, 10.0, 'Awesome!');
insert into rating values (32, 10.0, 'Awesome!');
insert into rating values (33, 10.0, 'Awesome!');
insert into rating values (34, 10.0, 'Awesome!');
insert into rating values (35, 10.0, 'Awesome!');
insert into rating values (36, 10.0, 'Awesome!');
insert into rating values (37, 10.0, 'Awesome!');
insert into rating values (38, 10.0, 'Awesome!');
insert into rating values (39, 10.0, 'Awesome!');
insert into rating values (40, 10.0, 'Awesome!');
insert into rating values (41, 10.0, 'Awesome!');
insert into rating values (42, 10.0, 'Awesome!');
insert into rating values (43, 10.0, 'Awesome!');
insert into rating values (44, 10.0, 'Awesome!');
insert into rating values (45, 10.0, 'Awesome!');
insert into rating values (46, 10.0, 'Awesome!');
insert into rating values (47, 10.0, 'Awesome!');
insert into rating values (48, 10.0, 'Awesome!');
insert into rating values (49, 10.0, 'Awesome!');
insert into rating values (50, 10.0, 'Awesome!');
insert into rating values (51, 9.9, 'Great!');
insert into rating values (52, 9.8, 'Great!');
insert into rating values (53, 9.7, 'Great!');
insert into rating values (54, 9.6, 'Great!');
insert into rating values (55, 9.5, 'Great!');
insert into rating values (56, 9.4, 'Great!');
insert into rating values (57, 9.3, 'Great!');
insert into rating values (58, 9.2, 'Great!');
insert into rating values (59, 9.1, 'Great!');
insert into rating values (60, 9.0, 'Great!');
insert into rating values (61, 8.9, 'Great!');
insert into rating values (62, 8.8, 'Great!');
insert into rating values (63, 8.7, 'Great!');
insert into rating values (64, 8.6, 'Great!');
insert into rating values (65, 8.5, 'Great!');
insert into rating values (66, 8.4, 'Great!');
insert into rating values (67, 8.3, 'Great!');
insert into rating values (68, 8.2, 'Great!');
insert into rating values (69, 8.1, 'Great!');
insert into rating values (70, 8.0, 'Great!');
insert into rating values (71, 9.9, 'Great!');
insert into rating values (72, 9.8, 'Great!');
insert into rating values (73, 9.7, 'Great!');
insert into rating values (74, 9.6, 'Great!');
insert into rating values (75, 9.5, 'Great!');
insert into rating values (76, 9.4, 'Great!');
insert into rating values (77, 9.3, 'Great!');
insert into rating values (78, 9.2, 'Great!');
insert into rating values (79, 9.1, 'Great!');
insert into rating values (80, 9.0, 'Great!');
insert into rating values (81, 8.9, 'Great!');
insert into rating values (82, 8.8, 'Great!');
insert into rating values (83, 8.7, 'Great!');
insert into rating values (84, 8.6, 'Great!');
insert into rating values (85, 8.5, 'Great!');
insert into rating values (86, 8.4, 'Great!');
insert into rating values (87, 8.3, 'Great!');
insert into rating values (88, 8.2, 'Great!');
insert into rating values (89, 8.1, 'Great!');
insert into rating values (90, 8.0, 'Great!');
insert into rating values (91, 9.9, 'Great!');
insert into rating values (92, 9.8, 'Great!');
insert into rating values (93, 9.7, 'Great!');
insert into rating values (94, 9.6, 'Great!');
insert into rating values (95, 9.5, 'Great!');
insert into rating values (96, 9.4, 'Great!');
insert into rating values (97, 9.3, 'Great!');
insert into rating values (98, 9.2, 'Great!');
insert into rating values (99, 9.1, 'Great!');
insert into rating values (100, 9.0, 'Great!');
insert into rating values (101, 7.9,'Not bad.');
insert into rating values (102, 7.8,'Not bad.');
insert into rating values (103, 7.7,'Not bad.');
insert into rating values (104, 7.6,'Not bad.');
insert into rating values (105, 7.5,'Not bad.');
insert into rating values (106, 7.4,'Not bad.');
insert into rating values (107, 7.3,'Not bad.');
insert into rating values (108, 7.2,'Not bad.');
insert into rating values (109, 7.1,'Not bad.');
insert into rating values (110, 7.0,'Not bad.');
insert into rating values (111, 6.9,'Not bad.');
insert into rating values (112, 6.8,'Not bad.');
insert into rating values (113, 6.7,'Not bad.');
insert into rating values (114, 6.6,'Not bad.');
insert into rating values (115, 6.5,'Not bad.');
insert into rating values (116, 6.4,'Not bad.');
insert into rating values (117, 6.3,'Not bad.');
insert into rating values (118, 6.2,'Not bad.');
insert into rating values (119, 6.1,'Not bad.');
insert into rating values (120, 6.0,'Not bad.');
insert into rating values (121, 7.9,'Not bad.');
insert into rating values (122, 7.8,'Not bad.');
insert into rating values (123, 7.7,'Not bad.');
insert into rating values (124, 7.6,'Not bad.');
insert into rating values (125, 7.5,'Not bad.');
insert into rating values (126, 7.4,'Not bad.');
insert into rating values (127, 7.3,'Not bad.');
insert into rating values (128, 7.2,'Not bad.');
insert into rating values (129, 7.1,'Not bad.');
insert into rating values (130, 7.0,'Not bad.');
insert into rating values (131, 6.9,'Not bad.');
insert into rating values (132, 6.8,'Not bad.');
insert into rating values (133, 6.7,'Not bad.');
insert into rating values (134, 6.6,'Not bad.');
insert into rating values (135, 6.5,'Not bad.');
insert into rating values (136, 6.4,'Not bad.');
insert into rating values (137, 6.3,'Not bad.');
insert into rating values (138, 6.2,'Not bad.');
insert into rating values (139, 6.1,'Not bad.');
insert into rating values (140, 6.0,'Not bad.');
insert into rating values (141, 7.9,'Not bad.');
insert into rating values (142, 7.8,'Not bad.');
insert into rating values (143, 7.7,'Not bad.');
insert into rating values (144, 7.6,'Not bad.');
insert into rating values (145, 7.5,'Not bad.');
insert into rating values (146, 7.4,'Not bad.');
insert into rating values (147, 7.3,'Not bad.');
insert into rating values (148, 7.2,'Not bad.');
insert into rating values (149, 7.1,'Not bad.');
insert into rating values (150, 7.0,'Not bad.');
insert into rating values (151, 5.9, 'Not my favour.');
insert into rating values (152, 5.8, 'Not my favour.');
insert into rating values (153, 5.7, 'Not my favour.');
insert into rating values (154, 5.6, 'Not my favour.');
insert into rating values (155, 5.5, 'Not my favour.');
insert into rating values (156, 5.4, 'Not my favour.');
insert into rating values (157, 5.3, 'Not my favour.');
insert into rating values (158, 5.2, 'Not my favour.');
insert into rating values (159, 5.1, 'Not my favour.');
insert into rating values (160, 5.0, 'Not my favour.');
insert into rating values (161, 4.9, 'Not my favour.');
insert into rating values (162, 4.8, 'Not my favour.');
insert into rating values (163, 4.7, 'Not my favour.');
insert into rating values (164, 4.6, 'Not my favour.');
insert into rating values (165, 4.5, 'Not my favour.');
insert into rating values (166, 4.4, 'Not my favour.');
insert into rating values (167, 4.3, 'Not my favour.');
insert into rating values (168, 4.2, 'Not my favour.');
insert into rating values (169, 4.1, 'Not my favour.');
insert into rating values (170, 4.0, 'Not my favour.');
insert into rating values (171, 3.9, 'Not my favour.');
insert into rating values (172, 3.8, 'Not my favour.');
insert into rating values (173, 3.7, 'Not my favour.');
insert into rating values (174, 3.6, 'Not my favour.');
insert into rating values (175, 3.5, 'Not my favour.');
insert into rating values (176, 3.4, 'Not my favour.');
insert into rating values (177, 3.3, 'Not my favour.');
insert into rating values (178, 3.2, 'Not my favour.');
insert into rating values (179, 3.1, 'Not my favour.');
insert into rating values (180, 3.0, 'Not my favour.');
insert into rating values (181, 2.9, 'Not my favour.');
insert into rating values (182, 2.8, 'Not my favour.');
insert into rating values (183, 2.7, 'Not my favour.');
insert into rating values (184, 2.6, 'Not my favour.');
insert into rating values (185, 2.5, 'Not my favour.');
insert into rating values (186, 2.4, 'Not my favour.');
insert into rating values (187, 2.3, 'Not my favour.');
insert into rating values (188, 2.2, 'Not my favour.');
insert into rating values (189, 2.1, 'Not my favour.');
insert into rating values (190, 2.0, 'Not my favour.');
insert into rating values (191, 1.9, 'Not my favour.');
insert into rating values (192, 1.8, 'Not my favour.');
insert into rating values (193, 1.7, 'Not my favour.');
insert into rating values (194, 1.6, 'Not my favour.');
insert into rating values (195, 1.5, 'Not my favour.');
insert into rating values (196, 1.4, 'Not my favour.');
insert into rating values (197, 1.3, 'Not my favour.');
insert into rating values (198, 1.2, 'Not my favour.');
insert into rating values (199, 1.1, 'Not my favour.');
insert into rating values (200, 1.0, 'Not my favour.');

insert into actor values('00000001',  'actor1', TO_DATE('1950-01-01', 'yyyy-mm-dd'), 'America');
insert into actor values('00000002',  'actor2', TO_DATE('1951-02-02', 'yyyy-mm-dd'), 'America');
insert into actor values('00000003',  'actor3', TO_DATE('1952-03-03', 'yyyy-mm-dd'), 'America');
insert into actor values('00000004',  'actor4', TO_DATE('1953-04-04', 'yyyy-mm-dd'), 'America');
insert into actor values('00000005',  'actor5', TO_DATE('1954-05-05', 'yyyy-mm-dd'), 'America');
insert into actor values('00000006',  'actor6', TO_DATE('1955-06-06', 'yyyy-mm-dd'), 'America');
insert into actor values('00000007',  'actor7', TO_DATE('1956-07-07', 'yyyy-mm-dd'), 'America');
insert into actor values('00000008',  'actor8', TO_DATE('1957-08-08', 'yyyy-mm-dd'), 'America');
insert into actor values('00000009',  'actor9', TO_DATE('1958-09-09', 'yyyy-mm-dd'), 'America');
insert into actor values('00000010',  'actor10', TO_DATE('1959-10-10', 'yyyy-mm-dd'), 'America');
insert into actor values('00000011',  'actor11', TO_DATE('1960-11-11', 'yyyy-mm-dd'), 'America');
insert into actor values('00000012',  'actor12', TO_DATE('1961-12-12', 'yyyy-mm-dd'), 'America');
insert into actor values('00000013',  'actor13', TO_DATE('1962-01-13', 'yyyy-mm-dd'), 'America');
insert into actor values('00000014',  'actor14', TO_DATE('1963-02-14', 'yyyy-mm-dd'), 'America');
insert into actor values('00000015',  'actor15', TO_DATE('1964-03-15', 'yyyy-mm-dd'), 'America');
insert into actor values('00000016',  'actor16', TO_DATE('1965-04-16', 'yyyy-mm-dd'), 'America');
insert into actor values('00000017',  'actor17', TO_DATE('1966-05-17', 'yyyy-mm-dd'), 'America');
insert into actor values('00000018',  'actor18', TO_DATE('1967-06-18', 'yyyy-mm-dd'), 'America');
insert into actor values('00000019',  'actor19', TO_DATE('1968-07-19', 'yyyy-mm-dd'), 'America');
insert into actor values('00000020',  'actor20', TO_DATE('1969-08-20', 'yyyy-mm-dd'), 'America');
insert into actor values('00000021',  'actor21', TO_DATE('1970-09-21', 'yyyy-mm-dd'), 'America');
insert into actor values('00000022',  'actor22', TO_DATE('1971-10-22', 'yyyy-mm-dd'), 'America');
insert into actor values('00000023',  'actor23', TO_DATE('1972-11-23', 'yyyy-mm-dd'), 'America');
insert into actor values('00000024',  'actor24', TO_DATE('1973-12-24', 'yyyy-mm-dd'), 'America');
insert into actor values('00000025',  'actor25', TO_DATE('1974-01-25', 'yyyy-mm-dd'), 'America');
insert into actor values('00000026',  'actor26', TO_DATE('1975-02-26', 'yyyy-mm-dd'), 'America');
insert into actor values('00000027',  'actor27', TO_DATE('1976-03-27', 'yyyy-mm-dd'), 'America');
insert into actor values('00000028',  'actor28', TO_DATE('1977-04-28', 'yyyy-mm-dd'), 'America');
insert into actor values('00000029',  'actor29', TO_DATE('1978-05-29', 'yyyy-mm-dd'), 'America');
insert into actor values('00000030',  'actor30', TO_DATE('1979-06-30', 'yyyy-mm-dd'), 'America');
insert into actor values('00000031',  'actor31', TO_DATE('1980-07-01', 'yyyy-mm-dd'), 'America');
insert into actor values('00000032',  'actor32', TO_DATE('1981-08-02', 'yyyy-mm-dd'), 'America');
insert into actor values('00000033',  'actor33', TO_DATE('1982-09-03', 'yyyy-mm-dd'), 'America');
insert into actor values('00000034',  'actor34', TO_DATE('1983-10-04', 'yyyy-mm-dd'), 'America');
insert into actor values('00000035',  'actor35', TO_DATE('1984-11-05', 'yyyy-mm-dd'), 'America');
insert into actor values('00000036',  'actor36', TO_DATE('1985-12-06', 'yyyy-mm-dd'), 'America');
insert into actor values('00000037',  'actor37', TO_DATE('1986-01-07', 'yyyy-mm-dd'), 'America');
insert into actor values('00000038',  'actor38', TO_DATE('1987-02-08', 'yyyy-mm-dd'), 'America');
insert into actor values('00000039',  'actor39', TO_DATE('1988-03-09', 'yyyy-mm-dd'), 'America');
insert into actor values('00000040',  'actor40', TO_DATE('1989-04-10', 'yyyy-mm-dd'), 'America');
insert into actor values('00000041',  'actor41', TO_DATE('1990-05-11', 'yyyy-mm-dd'), 'America');
insert into actor values('00000042',  'actor42', TO_DATE('1991-06-12', 'yyyy-mm-dd'), 'America');
insert into actor values('00000043',  'actor43', TO_DATE('1992-07-13', 'yyyy-mm-dd'), 'America');
insert into actor values('00000044',  'actor44', TO_DATE('1993-08-14', 'yyyy-mm-dd'), 'America');
insert into actor values('00000045',  'actor45', TO_DATE('1994-09-15', 'yyyy-mm-dd'), 'America');
insert into actor values('00000046',  'actor46', TO_DATE('1995-10-16', 'yyyy-mm-dd'), 'America');
insert into actor values('00000047',  'actor47', TO_DATE('1996-11-17', 'yyyy-mm-dd'), 'America');
insert into actor values('00000048',  'actor48', TO_DATE('1997-12-18', 'yyyy-mm-dd'), 'America');
insert into actor values('00000049',  'actor49', TO_DATE('1998-01-19', 'yyyy-mm-dd'), 'America');
insert into actor values('00000050',  'actor50', TO_DATE('1999-02-20', 'yyyy-mm-dd'), 'America');
insert into actor values('00000051',  'actor51', TO_DATE('2000-03-21', 'yyyy-mm-dd'), 'America');
insert into actor values('00000052',  'actor52', TO_DATE('2001-04-22', 'yyyy-mm-dd'), 'America');
insert into actor values('00000053',  'actor53', TO_DATE('2002-05-23', 'yyyy-mm-dd'), 'America');
insert into actor values('00000054',  'actor54', TO_DATE('2003-06-24', 'yyyy-mm-dd'), 'America');
insert into actor values('00000055',  'actor55', TO_DATE('2004-07-25', 'yyyy-mm-dd'), 'America');
insert into actor values('00000056',  'actor56', TO_DATE('2005-08-26', 'yyyy-mm-dd'), 'America');
insert into actor values('00000057',  'actor57', TO_DATE('2006-09-27', 'yyyy-mm-dd'), 'America');
insert into actor values('00000058',  'actor58', TO_DATE('2007-10-28', 'yyyy-mm-dd'), 'America');
insert into actor values('00000059',  'actor59', TO_DATE('2008-11-29', 'yyyy-mm-dd'), 'America');
insert into actor values('00000060',  'actor60', TO_DATE('2009-12-30', 'yyyy-mm-dd'), 'America');
insert into actor values('00000061',  'actor61', TO_DATE('1970-01-15', 'yyyy-mm-dd'), 'Korea');
insert into actor values('00000062',  'actor62', TO_DATE('1971-02-16', 'yyyy-mm-dd'), 'Korea');
insert into actor values('00000063',  'actor63', TO_DATE('1972-03-17', 'yyyy-mm-dd'), 'Korea');
insert into actor values('00000064',  'actor64', TO_DATE('1973-04-18', 'yyyy-mm-dd'), 'Korea');
insert into actor values('00000065',  'actor65', TO_DATE('1974-05-19', 'yyyy-mm-dd'), 'Korea');
insert into actor values('00000066',  'actor66', TO_DATE('1975-06-20', 'yyyy-mm-dd'), 'Korea');
insert into actor values('00000067',  'actor67', TO_DATE('1976-07-21', 'yyyy-mm-dd'), 'Korea');
insert into actor values('00000068',  'actor68', TO_DATE('1977-08-22', 'yyyy-mm-dd'), 'Korea');
insert into actor values('00000069',  'actor69', TO_DATE('1978-09-23', 'yyyy-mm-dd'), 'Korea');
insert into actor values('00000070',  'actor70', TO_DATE('1979-10-24', 'yyyy-mm-dd'), 'Korea');
insert into actor values('00000071',  'actor71', TO_DATE('1980-11-25', 'yyyy-mm-dd'), 'Korea');
insert into actor values('00000072',  'actor72', TO_DATE('1981-12-26', 'yyyy-mm-dd'), 'Korea');
insert into actor values('00000073',  'actor73', TO_DATE('1982-01-27', 'yyyy-mm-dd'), 'Korea');
insert into actor values('00000074',  'actor74', TO_DATE('1983-02-28', 'yyyy-mm-dd'), 'Korea');
insert into actor values('00000075',  'actor75', TO_DATE('1984-03-29', 'yyyy-mm-dd'), 'Korea');
insert into actor values('00000076',  'actor76', TO_DATE('1985-04-30', 'yyyy-mm-dd'), 'Korea');
insert into actor values('00000077',  'actor77', TO_DATE('1986-05-01', 'yyyy-mm-dd'), 'Korea');
insert into actor values('00000078',  'actor78', TO_DATE('1987-06-02', 'yyyy-mm-dd'), 'Korea');
insert into actor values('00000079',  'actor79', TO_DATE('1988-07-03', 'yyyy-mm-dd'), 'Korea');
insert into actor values('00000080',  'actor80', TO_DATE('1989-08-04', 'yyyy-mm-dd'), 'Korea');
insert into actor values('00000081',  'actor81', TO_DATE('1990-09-05', 'yyyy-mm-dd'), 'Korea');
insert into actor values('00000082',  'actor82', TO_DATE('1991-10-06', 'yyyy-mm-dd'), 'Korea');
insert into actor values('00000083',  'actor83', TO_DATE('1992-11-07', 'yyyy-mm-dd'), 'Korea');
insert into actor values('00000084',  'actor84', TO_DATE('1993-12-08', 'yyyy-mm-dd'), 'Korea');
insert into actor values('00000085',  'actor85', TO_DATE('1994-01-09', 'yyyy-mm-dd'), 'Korea');
insert into actor values('00000086',  'actor86', TO_DATE('1995-02-10', 'yyyy-mm-dd'), 'Korea');
insert into actor values('00000087',  'actor87', TO_DATE('1996-03-11', 'yyyy-mm-dd'), 'Korea');
insert into actor values('00000088',  'actor88', TO_DATE('1997-04-12', 'yyyy-mm-dd'), 'Korea');
insert into actor values('00000089',  'actor89', TO_DATE('1998-05-13', 'yyyy-mm-dd'), 'Korea');
insert into actor values('00000090',  'actor90', TO_DATE('1999-06-14', 'yyyy-mm-dd'), 'Korea');
insert into actor values('00000091',  'actor91', TO_DATE('1980-07-15', 'yyyy-mm-dd'), 'Italia');
insert into actor values('00000092',  'actor92', TO_DATE('1981-08-16', 'yyyy-mm-dd'), 'Italia');
insert into actor values('00000093',  'actor93', TO_DATE('1982-09-17', 'yyyy-mm-dd'), 'Italia');
insert into actor values('00000094',  'actor94', TO_DATE('1983-10-18', 'yyyy-mm-dd'), 'Italia');
insert into actor values('00000095',  'actor95', TO_DATE('1984-11-19', 'yyyy-mm-dd'), 'Italia');
insert into actor values('00000096',  'actor96', TO_DATE('1985-12-20', 'yyyy-mm-dd'), 'Italia');
insert into actor values('00000097',  'actor97', TO_DATE('1986-01-21', 'yyyy-mm-dd'), 'Italia');
insert into actor values('00000098',  'actor98', TO_DATE('1987-02-22', 'yyyy-mm-dd'), 'Italia');
insert into actor values('00000099',  'actor99', TO_DATE('1988-03-23', 'yyyy-mm-dd'), 'Italia');
insert into actor values('00000100',  'actor100', TO_DATE('1989-04-24', 'yyyy-mm-dd'), 'Italia');

insert into account values ('acc1', 'pw1', 'acc1', NULL, NULL, NULL,'000-0001', 'customer', NULL, 'Basic');
insert into account values ('acc2', 'pw2', 'acc2', NULL, NULL, NULL,'000-0002', 'customer', NULL, 'Basic');
insert into account values ('acc3', 'pw3', 'acc3', NULL, NULL, NULL,'000-0003', 'customer', NULL, 'Basic');
insert into account values ('acc4', 'pw4', 'acc4', NULL, NULL, NULL,'000-0004', 'customer', NULL, 'Basic');
insert into account values ('acc5', 'pw5', 'acc5', NULL, NULL, NULL,'000-0005', 'customer', NULL, 'Basic');
insert into account values ('acc6', 'pw6', 'acc6', NULL, NULL, NULL,'000-0006', 'customer', NULL, 'Basic');
insert into account values ('acc7', 'pw7', 'acc7', NULL, NULL, NULL,'000-0007', 'customer', NULL, 'Basic');
insert into account values ('acc8', 'pw8', 'acc8', NULL, NULL, NULL,'000-0008', 'customer', NULL, 'Basic');
insert into account values ('acc9', 'pw9', 'acc9', NULL, NULL, NULL,'000-0009', 'customer', NULL, 'Basic');
insert into account values ('acc10', 'pw10', 'acc10', NULL, NULL, NULL,'001-0000', 'customer', NULL, 'Basic');
insert into account values ('acc11', 'pw11', 'acc11', NULL, NULL, NULL,'001-0101', 'customer', NULL, 'Basic');
insert into account values ('acc12', 'pw12', 'acc12', NULL, NULL, NULL,'001-0102', 'customer', NULL, 'Basic');
insert into account values ('acc13', 'pw13', 'acc13', NULL, NULL, NULL,'001-0103', 'customer', NULL, 'Basic');
insert into account values ('acc14', 'pw14', 'acc14', NULL, NULL, NULL,'001-0104', 'customer', NULL, 'Basic');
insert into account values ('acc15', 'pw15', 'acc15', NULL, NULL, NULL,'001-0105', 'customer', NULL, 'Basic');
insert into account values ('acc16', 'pw16', 'acc16', NULL, NULL, NULL,'001-0106', 'customer', NULL, 'Basic');
insert into account values ('acc17', 'pw17', 'acc17', NULL, NULL, NULL,'001-0107', 'customer', NULL, 'Basic');
insert into account values ('acc18', 'pw18', 'acc18', NULL, NULL, NULL,'001-0108', 'customer', NULL, 'Basic');
insert into account values ('acc19', 'pw19', 'acc19', NULL, NULL, NULL,'001-0109', 'customer', NULL, 'Basic');
insert into account values ('acc20', 'pw20', 'acc20', NULL, NULL, NULL,'002-0200', 'customer', NULL, 'Basic');
insert into account values ('acc21', 'pw21', 'acc21', TO_DATE('1970-01-17', 'yyyy-mm-dd'), 'M', NULL,'002-0201', 'customer', NULL, 'Premium');
insert into account values ('acc22', 'pw22', 'acc22', TO_DATE('1971-02-18', 'yyyy-mm-dd'), 'M', NULL,'002-0202', 'customer', NULL, 'Premium');
insert into account values ('acc23', 'pw23', 'acc23', TO_DATE('1972-03-19', 'yyyy-mm-dd'), 'F', NULL,'002-0203', 'customer', NULL, 'Premium');
insert into account values ('acc24', 'pw24', 'acc24', TO_DATE('1973-04-20', 'yyyy-mm-dd'), 'F', NULL,'002-0204', 'customer', NULL, 'Premium');
insert into account values ('acc25', 'pw25', 'acc25', TO_DATE('1974-05-21', 'yyyy-mm-dd'), 'M', NULL,'002-0205', 'customer', NULL, 'Premium');
insert into account values ('acc26', 'pw26', 'acc26', TO_DATE('1975-06-22', 'yyyy-mm-dd'), 'F', NULL,'002-0206', 'customer', NULL, 'Premium');
insert into account values ('acc27', 'pw27', 'acc27', TO_DATE('1976-07-23', 'yyyy-mm-dd'), 'M', NULL,'002-0207', 'customer', NULL, 'Premium');
insert into account values ('acc28', 'pw28', 'acc28', TO_DATE('1977-08-24', 'yyyy-mm-dd'), 'F', NULL,'002-0208', 'customer', NULL, 'Premium');
insert into account values ('acc29', 'pw29', 'acc29', TO_DATE('1978-09-25', 'yyyy-mm-dd'), 'F', NULL,'002-0209', 'customer', NULL, 'Premium');
insert into account values ('acc30', 'pw30', 'acc30', TO_DATE('1979-10-26', 'yyyy-mm-dd'), 'M', NULL,'003-0300', 'customer', NULL, 'Premium');
insert into account values ('acc31', 'pw31', 'acc31', TO_DATE('1980-11-27', 'yyyy-mm-dd'), 'M', NULL,'003-0301', 'customer', NULL, 'Premium');
insert into account values ('acc32', 'pw32', 'acc32', TO_DATE('1981-12-28', 'yyyy-mm-dd'), 'M', NULL,'003-0302', 'customer', NULL, 'Premium');
insert into account values ('acc33', 'pw33', 'acc33', TO_DATE('1982-01-29', 'yyyy-mm-dd'), 'F', NULL,'003-0303', 'customer', NULL, 'Premium');
insert into account values ('acc34', 'pw34', 'acc34', TO_DATE('1983-02-01', 'yyyy-mm-dd'), 'F', NULL,'003-0304', 'customer', NULL, 'Premium');
insert into account values ('acc35', 'pw35', 'acc35', TO_DATE('1984-03-01', 'yyyy-mm-dd'), 'M', NULL,'003-0305', 'customer', NULL, 'Premium');
insert into account values ('acc36', 'pw36', 'acc36', TO_DATE('1985-04-02', 'yyyy-mm-dd'), 'F', NULL,'003-0306', 'customer', NULL, 'Premium');
insert into account values ('acc37', 'pw37', 'acc37', TO_DATE('1986-05-03', 'yyyy-mm-dd'), 'M', NULL,'003-0307', 'customer', NULL, 'Premium');
insert into account values ('acc38', 'pw38', 'acc38', TO_DATE('1987-06-04', 'yyyy-mm-dd'), 'F', NULL,'003-0308', 'customer', NULL, 'Premium');
insert into account values ('acc39', 'pw39', 'acc39', TO_DATE('1988-07-05', 'yyyy-mm-dd'), 'F', NULL,'003-0309', 'customer', NULL, 'Premium');
insert into account values ('acc40', 'pw40', 'acc40', TO_DATE('1989-08-06', 'yyyy-mm-dd'), 'M', NULL,'004-0400', 'customer', NULL, 'Premium');
insert into account values ('acc41', 'pw41', 'acc41', TO_DATE('1990-09-07', 'yyyy-mm-dd'), 'M', NULL,'004-0401', 'customer', NULL, 'Premium');
insert into account values ('acc42', 'pw42', 'acc42', TO_DATE('1991-10-08', 'yyyy-mm-dd'), 'M', NULL,'004-0402', 'customer', NULL, 'Premium');
insert into account values ('acc43', 'pw43', 'acc43', TO_DATE('1992-11-09', 'yyyy-mm-dd'), 'F', NULL,'004-0403', 'customer', NULL, 'Premium');
insert into account values ('acc44', 'pw44', 'acc44', TO_DATE('1993-12-10', 'yyyy-mm-dd'), 'F', NULL,'004-0404', 'customer', NULL, 'Premium');
insert into account values ('acc45', 'pw45', 'acc45', TO_DATE('1994-01-11', 'yyyy-mm-dd'), 'M', NULL,'004-0405', 'customer', NULL, 'Premium');
insert into account values ('acc46', 'pw46', 'acc46', TO_DATE('1995-02-12', 'yyyy-mm-dd'), 'F', NULL,'004-0406', 'customer', NULL, 'Premium');
insert into account values ('acc47', 'pw47', 'acc47', TO_DATE('1996-03-13', 'yyyy-mm-dd'), 'M', NULL,'004-0407', 'customer', NULL, 'Premium');
insert into account values ('acc48', 'pw48', 'acc48', TO_DATE('1997-04-14', 'yyyy-mm-dd'), 'F', NULL,'004-0408', 'customer', NULL, 'Premium');
insert into account values ('acc49', 'pw49', 'acc49', TO_DATE('1998-05-15', 'yyyy-mm-dd'), 'F', NULL,'004-0409', 'customer', NULL, 'Premium');
insert into account values ('acc50', 'pw50', 'acc50', TO_DATE('1999-06-16', 'yyyy-mm-dd'), 'M', NULL,'005-0500', 'customer', NULL, 'Premium');
insert into account values ('acc51', 'pw51', 'acc51', TO_DATE('1960-07-17', 'yyyy-mm-dd'), 'M', 'address','005-0501', 'customer', 'sales man', 'Premium');
insert into account values ('acc52', 'pw52', 'acc52', TO_DATE('1961-08-18', 'yyyy-mm-dd'), 'F', 'address','005-0502', 'customer', 'sales man', 'Premium');
insert into account values ('acc53', 'pw53', 'acc53', TO_DATE('1962-09-19', 'yyyy-mm-dd'), 'M', 'address','005-0503', 'customer', 'sales man', 'Premium');
insert into account values ('acc54', 'pw54', 'acc54', TO_DATE('1963-10-10', 'yyyy-mm-dd'), 'F', 'address','005-0504', 'customer', 'sales man', 'Premium');
insert into account values ('acc55', 'pw55', 'acc55', TO_DATE('1964-11-11', 'yyyy-mm-dd'), 'M', 'address','005-0505', 'customer', 'sales man', 'Premium');
insert into account values ('acc56', 'pw56', 'acc56', TO_DATE('1965-12-12', 'yyyy-mm-dd'), 'F', 'address','005-0506', 'customer', 'sales man', 'Premium');
insert into account values ('acc57', 'pw57', 'acc57', TO_DATE('1966-01-13', 'yyyy-mm-dd'), 'M', 'address','005-0507', 'customer', 'sales man', 'Premium');
insert into account values ('acc58', 'pw58', 'acc58', TO_DATE('1967-02-14', 'yyyy-mm-dd'), 'F', 'address','005-0508', 'customer', 'sales man', 'Premium');
insert into account values ('acc59', 'pw59', 'acc59', TO_DATE('1968-03-15', 'yyyy-mm-dd'), 'M', 'address','005-0509', 'customer', 'sales man', 'Premium');
insert into account values ('acc60', 'pw60', 'acc60', TO_DATE('1969-04-16', 'yyyy-mm-dd'), 'F', 'address','006-0600', 'customer', 'sales man', 'Premium');
insert into account values ('acc61', 'pw61', 'acc61', TO_DATE('1970-05-17', 'yyyy-mm-dd'), 'M', 'address','006-0601', 'customer', 'sales man', 'Premium');
insert into account values ('acc62', 'pw62', 'acc62', TO_DATE('1971-06-18', 'yyyy-mm-dd'), 'F', 'address','006-0602', 'customer', 'sales man', 'Premium');
insert into account values ('acc63', 'pw63', 'acc63', TO_DATE('1972-07-19', 'yyyy-mm-dd'), 'M', 'address','006-0603', 'customer', 'sales man', 'Premium');
insert into account values ('acc64', 'pw64', 'acc64', TO_DATE('1973-08-20', 'yyyy-mm-dd'), 'F', 'address','006-0604', 'customer', 'sales man', 'Premium');
insert into account values ('acc65', 'pw65', 'acc65', TO_DATE('1974-09-21', 'yyyy-mm-dd'), 'M', 'address','006-0605', 'customer', 'sales man', 'Premium');
insert into account values ('acc66', 'pw66', 'acc66', TO_DATE('1975-10-22', 'yyyy-mm-dd'), 'F', 'address','006-0606', 'customer', 'sales man', 'Premium');
insert into account values ('acc67', 'pw67', 'acc67', TO_DATE('1976-11-23', 'yyyy-mm-dd'), 'M', 'address','006-0607', 'customer', 'sales man', 'Premium');
insert into account values ('acc68', 'pw68', 'acc68', TO_DATE('1977-12-24', 'yyyy-mm-dd'), 'F', 'address','006-0608', 'customer', 'sales man', 'Premium');
insert into account values ('acc69', 'pw69', 'acc69', TO_DATE('1978-01-25', 'yyyy-mm-dd'), 'M', 'address','006-0609', 'customer', 'sales man', 'Premium');
insert into account values ('acc70', 'pw70', 'acc70', TO_DATE('1979-02-26', 'yyyy-mm-dd'), 'F', 'address','007-0700', 'customer', 'sales man', 'Premium');
insert into account values ('acc71', 'pw71', 'acc71', TO_DATE('1980-03-27', 'yyyy-mm-dd'), 'M', 'address','007-0701', 'customer', 'sales man', 'Prime');
insert into account values ('acc72', 'pw72', 'acc72', TO_DATE('1981-04-28', 'yyyy-mm-dd'), 'F', 'address','007-0702', 'customer', 'sales man', 'Prime');
insert into account values ('acc73', 'pw73', 'acc73', TO_DATE('1982-05-29', 'yyyy-mm-dd'), 'M', 'address','007-0703', 'customer', 'sales man', 'Prime');
insert into account values ('acc74', 'pw74', 'acc74', TO_DATE('1983-06-30', 'yyyy-mm-dd'), 'F', 'address','007-0704', 'customer', 'sales man', 'Prime');
insert into account values ('acc75', 'pw75', 'acc75', TO_DATE('1984-07-01', 'yyyy-mm-dd'), 'M', 'address','007-0705', 'customer', 'sales man', 'Prime');
insert into account values ('acc76', 'pw76', 'acc76', TO_DATE('1985-08-02', 'yyyy-mm-dd'), 'F', 'address','007-0706', 'customer', 'sales man', 'Prime');
insert into account values ('acc77', 'pw77', 'acc77', TO_DATE('1986-09-03', 'yyyy-mm-dd'), 'M', 'address','007-0707', 'customer', 'sales man', 'Prime');
insert into account values ('acc78', 'pw78', 'acc78', TO_DATE('1987-10-04', 'yyyy-mm-dd'), 'F', 'address','007-0708', 'customer', 'sales man', 'Prime');
insert into account values ('acc79', 'pw79', 'acc79', TO_DATE('1988-11-05', 'yyyy-mm-dd'), 'M', 'address','007-0709', 'customer', 'sales man', 'Prime');
insert into account values ('acc80', 'pw80', 'acc80', TO_DATE('1989-12-06', 'yyyy-mm-dd'), 'F', 'address','008-0800', 'customer', 'sales man', 'Prime');
insert into account values ('acc81', 'pw81', 'acc81', TO_DATE('1990-01-07', 'yyyy-mm-dd'), 'M', 'address','008-0801', 'customer', 'sales man', 'Prime');
insert into account values ('acc82', 'pw82', 'acc82', TO_DATE('1991-02-08', 'yyyy-mm-dd'), 'F', 'address','008-0802', 'customer', 'sales man', 'Prime');
insert into account values ('acc83', 'pw83', 'acc83', TO_DATE('1992-03-09', 'yyyy-mm-dd'), 'M', 'address','008-0803', 'customer', 'sales man', 'Prime');
insert into account values ('acc84', 'pw84', 'acc84', TO_DATE('1993-04-10', 'yyyy-mm-dd'), 'F', 'address','008-0804', 'customer', 'sales man', 'Prime');
insert into account values ('acc85', 'pw85', 'acc85', TO_DATE('1994-05-11', 'yyyy-mm-dd'), 'M', 'address','008-0805', 'customer', 'sales man', 'Prime');
insert into account values ('acc86', 'pw86', 'acc86', TO_DATE('1995-06-12', 'yyyy-mm-dd'), 'F', 'address','008-0806', 'customer', 'sales man', 'Prime');
insert into account values ('acc87', 'pw87', 'acc87', TO_DATE('1996-07-13', 'yyyy-mm-dd'), 'M', 'address','008-0807', 'customer', 'student', 'Prime');
insert into account values ('acc88', 'pw88', 'acc88', TO_DATE('1997-08-14', 'yyyy-mm-dd'), 'F', 'address','008-0808', 'customer', 'student', 'Prime');
insert into account values ('acc89', 'pw89', 'acc89', TO_DATE('1998-09-15', 'yyyy-mm-dd'), 'M', 'address','008-0809', 'customer', 'student', 'Prime');
insert into account values ('acc90', 'pw90', 'acc90', TO_DATE('1999-10-16', 'yyyy-mm-dd'), 'F', 'address','009-0900', 'customer', 'student', 'Prime');
insert into account values ('acc91', 'pw91', 'acc91', TO_DATE('2000-11-17', 'yyyy-mm-dd'), 'M', 'address','009-0901', 'customer', 'student', 'Prime');
insert into account values ('acc92', 'pw92', 'acc92', TO_DATE('2001-12-18', 'yyyy-mm-dd'), 'F', 'address','009-0902', 'customer', 'student', 'Prime');
insert into account values ('acc93', 'pw93', 'acc93', TO_DATE('2002-01-19', 'yyyy-mm-dd'), 'M', 'address','009-0903', 'customer', 'student', 'Prime');
insert into account values ('acc94', 'pw94', 'acc94', TO_DATE('2003-02-20', 'yyyy-mm-dd'), 'F', 'address','009-0904', 'customer', 'student', 'Prime');
insert into account values ('acc95', 'pw95', 'acc95', TO_DATE('2004-03-21', 'yyyy-mm-dd'), 'M', 'address','009-0905', 'customer', 'student', 'Prime');
insert into account values ('acc96', 'pw96', 'acc96', TO_DATE('2005-04-22', 'yyyy-mm-dd'), 'F', 'address','009-0906', 'customer', 'student', 'Prime');
insert into account values ('acc97', 'pw97', 'acc97', TO_DATE('2006-05-23', 'yyyy-mm-dd'), 'M', 'address','009-0907', 'customer', 'student', 'Prime');
insert into account values ('acc98', 'pw98', 'acc98', TO_DATE('2007-06-24', 'yyyy-mm-dd'), 'F', 'address','009-0908', 'customer', 'student', 'Prime');
insert into account values ('acc99', 'pw99', 'acc99', TO_DATE('2008-07-25', 'yyyy-mm-dd'), 'M', 'address','009-0909', 'customer', 'student', 'Prime');
insert into account values ('acc100', 'pw100', 'acc100', TO_DATE('2009-08-26', 'yyyy-mm-dd'), 'F', 'address','100-1000', 'customer', 'student', 'Prime');
insert into account values ('m01', 'pwm01', 'm01', TO_DATE('1989-09-27', 'yyyy-mm-dd'), 'F', 'address','111-1234', 'manager', 'manager', 'Prime');
insert into account values ('m02', 'pwm02', 'm02', TO_DATE('1990-10-28', 'yyyy-mm-dd'), 'M', 'address','123-1357', 'manager', 'manager', 'Prime');

insert into movie values ('00000001', 'movie1', 'KnuMovieDB Original', 33, TO_DATE('2006-6-28', 'yyyy-mm-dd'));
insert into movie values ('00000002', 'movie2', 'Movie', 63, TO_DATE('1981-6-23', 'yyyy-mm-dd'));
insert into movie values ('00000003', 'movie3', 'Movie', 124, TO_DATE('1996-10-14', 'yyyy-mm-dd'));
insert into movie values ('00000004', 'movie4', 'KnuMovieDB Original', 43, TO_DATE('1996-6-24', 'yyyy-mm-dd'));
insert into movie values ('00000005', 'movie5', 'KnuMovieDB Original', 94, TO_DATE('1991-11-8', 'yyyy-mm-dd'));
insert into movie values ('00000006', 'movie6', 'Movie', 58, TO_DATE('1983-9-28', 'yyyy-mm-dd'));
insert into movie values ('00000007', 'movie7', 'Movie', 138, TO_DATE('2018-10-4', 'yyyy-mm-dd'));
insert into movie values ('00000008', 'movie8', 'TV Series', 38, TO_DATE('2003-7-6', 'yyyy-mm-dd'));
insert into movie values ('00000009', 'movie9', 'KnuMovieDB Original', 64, TO_DATE('2015-6-10', 'yyyy-mm-dd'));
insert into movie values ('00000010', 'movie10', 'Movie', 44, TO_DATE('1986-10-21', 'yyyy-mm-dd'));
insert into movie values ('00000011', 'movie11', 'KnuMovieDB Original', 50, TO_DATE('2020-3-25', 'yyyy-mm-dd'));
insert into movie values ('00000012', 'movie12', 'Movie', 39, TO_DATE('2019-4-18', 'yyyy-mm-dd'));
insert into movie values ('00000013', 'movie13', 'Movie', 145, TO_DATE('1983-3-13', 'yyyy-mm-dd'));
insert into movie values ('00000014', 'movie14', 'TV Series', 53, TO_DATE('1996-9-20', 'yyyy-mm-dd'));
insert into movie values ('00000015', 'movie15', 'KnuMovieDB Original', 119, TO_DATE('2020-9-8', 'yyyy-mm-dd'));
insert into movie values ('00000016', 'movie16', 'Movie', 123, TO_DATE('2011-9-5', 'yyyy-mm-dd'));
insert into movie values ('00000017', 'movie17', 'KnuMovieDB Original', 136, TO_DATE('2015-12-10', 'yyyy-mm-dd'));
insert into movie values ('00000018', 'movie18', 'KnuMovieDB Original', 128, TO_DATE('2015-5-7', 'yyyy-mm-dd'));
insert into movie values ('00000019', 'movie19', 'Movie', 105, TO_DATE('2020-8-8', 'yyyy-mm-dd'));
insert into movie values ('00000020', 'movie20', 'Movie', 56, TO_DATE('2020-4-4', 'yyyy-mm-dd'));
insert into movie values ('00000021', 'movie21', 'Movie', 142, TO_DATE('2001-3-7', 'yyyy-mm-dd'));
insert into movie values ('00000022', 'movie22', 'KnuMovieDB Original', 48, TO_DATE('2020-6-3', 'yyyy-mm-dd'));
insert into movie values ('00000023', 'movie23', 'Movie', 136, TO_DATE('1990-6-10', 'yyyy-mm-dd'));
insert into movie values ('00000024', 'movie24', 'Movie', 125, TO_DATE('2017-11-25', 'yyyy-mm-dd'));
insert into movie values ('00000025', 'movie25', 'Movie', 91, TO_DATE('1993-12-25', 'yyyy-mm-dd'));
insert into movie values ('00000026', 'movie26', 'Movie', 40, TO_DATE('1999-8-7', 'yyyy-mm-dd'));
insert into movie values ('00000027', 'movie27', 'KnuMovieDB Original', 93, TO_DATE('1998-2-3', 'yyyy-mm-dd'));
insert into movie values ('00000028', 'movie28', 'Movie', 36, TO_DATE('2019-6-28', 'yyyy-mm-dd'));
insert into movie values ('00000029', 'movie29', 'KnuMovieDB Original', 138, TO_DATE('1986-8-6', 'yyyy-mm-dd'));
insert into movie values ('00000030', 'movie30', 'KnuMovieDB Original', 94, TO_DATE('2005-7-14', 'yyyy-mm-dd'));
insert into movie values ('00000031', 'movie31', 'Movie', 124, TO_DATE('2003-10-10', 'yyyy-mm-dd'));
insert into movie values ('00000032', 'movie32', 'Movie', 51, TO_DATE('2019-9-1', 'yyyy-mm-dd'));
insert into movie values ('00000033', 'movie33', 'Movie', 149, TO_DATE('2005-6-12', 'yyyy-mm-dd'));
insert into movie values ('00000034', 'movie34', 'KnuMovieDB Original', 104, TO_DATE('2008-10-10', 'yyyy-mm-dd'));
insert into movie values ('00000035', 'movie35', 'KnuMovieDB Original', 31, TO_DATE('2020-7-28', 'yyyy-mm-dd'));
insert into movie values ('00000036', 'movie36', 'KnuMovieDB Original', 93, TO_DATE('2008-10-11', 'yyyy-mm-dd'));
insert into movie values ('00000037', 'movie37', 'Movie', 148, TO_DATE('1993-7-16', 'yyyy-mm-dd'));
insert into movie values ('00000038', 'movie38', 'KnuMovieDB Original', 68, TO_DATE('2017-3-27', 'yyyy-mm-dd'));
insert into movie values ('00000039', 'movie39', 'KnuMovieDB Original', 39, TO_DATE('2010-11-13', 'yyyy-mm-dd'));
insert into movie values ('00000040', 'movie40', 'Movie', 134, TO_DATE('2020-5-25', 'yyyy-mm-dd'));
insert into movie values ('00000041', 'movie41', 'KnuMovieDB Original', 56, TO_DATE('2020-4-21', 'yyyy-mm-dd'));
insert into movie values ('00000042', 'movie42', 'Movie', 75, TO_DATE('2020-7-21', 'yyyy-mm-dd'));
insert into movie values ('00000043', 'movie43', 'TV Series', 56, TO_DATE('2008-12-11', 'yyyy-mm-dd'));
insert into movie values ('00000044', 'movie44', 'Movie', 36, TO_DATE('2020-9-5', 'yyyy-mm-dd'));
insert into movie values ('00000045', 'movie45', 'KnuMovieDB Original', 54, TO_DATE('2005-10-27', 'yyyy-mm-dd'));
insert into movie values ('00000046', 'movie46', 'KnuMovieDB Original', 51, TO_DATE('1989-7-6', 'yyyy-mm-dd'));
insert into movie values ('00000047', 'movie47', 'KnuMovieDB Original', 55, TO_DATE('2008-2-21', 'yyyy-mm-dd'));
insert into movie values ('00000048', 'movie48', 'Movie', 113, TO_DATE('2020-3-12', 'yyyy-mm-dd'));
insert into movie values ('00000049', 'movie49', 'KnuMovieDB Original', 125, TO_DATE('2020-4-13', 'yyyy-mm-dd'));
insert into movie values ('00000050', 'movie50', 'Movie', 132, TO_DATE('2000-4-27', 'yyyy-mm-dd'));
insert into movie values ('00000051', 'movie51', 'Movie', 31, TO_DATE('2020-6-5', 'yyyy-mm-dd'));
insert into movie values ('00000052', 'movie52', 'Movie', 93, TO_DATE('2009-4-3', 'yyyy-mm-dd'));
insert into movie values ('00000053', 'movie53', 'KnuMovieDB Original', 94, TO_DATE('2020-9-18', 'yyyy-mm-dd'));
insert into movie values ('00000054', 'movie54', 'KnuMovieDB Original', 89, TO_DATE('2009-8-21', 'yyyy-mm-dd'));
insert into movie values ('00000055', 'movie55', 'KnuMovieDB Original', 30, TO_DATE('2002-2-27', 'yyyy-mm-dd'));
insert into movie values ('00000056', 'movie56', 'KnuMovieDB Original', 106, TO_DATE('2003-2-16', 'yyyy-mm-dd'));
insert into movie values ('00000057', 'movie57', 'KnuMovieDB Original', 131, TO_DATE('2020-4-3', 'yyyy-mm-dd'));
insert into movie values ('00000058', 'movie58', 'Movie', 65, TO_DATE('2015-3-21', 'yyyy-mm-dd'));
insert into movie values ('00000059', 'movie59', 'TV Series', 120, TO_DATE('2012-9-18', 'yyyy-mm-dd'));
insert into movie values ('00000060', 'movie60', 'KnuMovieDB Original', 138, TO_DATE('2000-3-12', 'yyyy-mm-dd'));
insert into movie values ('00000061', 'movie61', 'Movie', 44, TO_DATE('2009-6-11', 'yyyy-mm-dd'));
insert into movie values ('00000062', 'movie62', 'KnuMovieDB Original', 79, TO_DATE('2007-4-16', 'yyyy-mm-dd'));
insert into movie values ('00000063', 'movie63', 'KnuMovieDB Original', 149, TO_DATE('2020-1-27', 'yyyy-mm-dd'));
insert into movie values ('00000064', 'movie64', 'KnuMovieDB Original', 78, TO_DATE('2002-2-8', 'yyyy-mm-dd'));
insert into movie values ('00000065', 'movie65', 'KnuMovieDB Original', 35, TO_DATE('2012-11-9', 'yyyy-mm-dd'));
insert into movie values ('00000066', 'movie66', 'KnuMovieDB Original', 70, TO_DATE('1990-3-14', 'yyyy-mm-dd'));
insert into movie values ('00000067', 'movie67', 'Movie', 73, TO_DATE('2003-11-1', 'yyyy-mm-dd'));
insert into movie values ('00000068', 'movie68', 'Movie', 96, TO_DATE('1994-7-9', 'yyyy-mm-dd'));
insert into movie values ('00000069', 'movie69', 'KnuMovieDB Original', 135, TO_DATE('2020-4-24', 'yyyy-mm-dd'));
insert into movie values ('00000070', 'movie70', 'KnuMovieDB Original', 120, TO_DATE('1982-1-8', 'yyyy-mm-dd'));
insert into movie values ('00000071', 'movie71', 'KnuMovieDB Original', 128, TO_DATE('2017-4-24', 'yyyy-mm-dd'));
insert into movie values ('00000072', 'movie72', 'TV Series', 84, TO_DATE('1981-12-11', 'yyyy-mm-dd'));
insert into movie values ('00000073', 'movie73', 'Movie', 80, TO_DATE('2018-1-11', 'yyyy-mm-dd'));
insert into movie values ('00000074', 'movie74', 'TV Series', 147, TO_DATE('2020-3-7', 'yyyy-mm-dd'));
insert into movie values ('00000075', 'movie75', 'Movie', 134, TO_DATE('2014-3-1', 'yyyy-mm-dd'));
insert into movie values ('00000076', 'movie76', 'Movie', 55, TO_DATE('2015-4-14', 'yyyy-mm-dd'));
insert into movie values ('00000077', 'movie77', 'KnuMovieDB Original', 41, TO_DATE('2016-10-2', 'yyyy-mm-dd'));
insert into movie values ('00000078', 'movie78', 'KnuMovieDB Original', 78, TO_DATE('2019-7-18', 'yyyy-mm-dd'));
insert into movie values ('00000079', 'movie79', 'Movie', 111, TO_DATE('2009-2-9', 'yyyy-mm-dd'));
insert into movie values ('00000080', 'movie80', 'KnuMovieDB Original', 34, TO_DATE('2020-5-22', 'yyyy-mm-dd'));
insert into movie values ('00000081', 'movie81', 'KnuMovieDB Original', 94, TO_DATE('2020-9-14', 'yyyy-mm-dd'));
insert into movie values ('00000082', 'movie82', 'KnuMovieDB Original', 134, TO_DATE('2020-11-13', 'yyyy-mm-dd'));
insert into movie values ('00000083', 'movie83', 'Movie', 31, TO_DATE('2016-11-17', 'yyyy-mm-dd'));
insert into movie values ('00000084', 'movie84', 'KnuMovieDB Original', 79, TO_DATE('1987-7-7', 'yyyy-mm-dd'));
insert into movie values ('00000085', 'movie85', 'KnuMovieDB Original', 142, TO_DATE('2020-4-6', 'yyyy-mm-dd'));
insert into movie values ('00000086', 'movie86', 'Movie', 40, TO_DATE('2020-2-13', 'yyyy-mm-dd'));
insert into movie values ('00000087', 'movie87', 'Movie', 106, TO_DATE('1991-1-27', 'yyyy-mm-dd'));
insert into movie values ('00000088', 'movie88', 'KnuMovieDB Original', 145, TO_DATE('2020-6-11', 'yyyy-mm-dd'));
insert into movie values ('00000089', 'movie89', 'KnuMovieDB Original', 30, TO_DATE('1980-8-21', 'yyyy-mm-dd'));
insert into movie values ('00000090', 'movie90', 'Movie', 70, TO_DATE('2017-8-19', 'yyyy-mm-dd'));
insert into movie values ('00000091', 'movie91', 'Movie', 41, TO_DATE('2020-9-14', 'yyyy-mm-dd'));
insert into movie values ('00000092', 'movie92', 'KnuMovieDB Original', 132, TO_DATE('1994-1-15', 'yyyy-mm-dd'));
insert into movie values ('00000093', 'movie93', 'KnuMovieDB Original', 80, TO_DATE('1996-6-12', 'yyyy-mm-dd'));
insert into movie values ('00000094', 'movie94', 'KnuMovieDB Original', 45, TO_DATE('2000-12-26', 'yyyy-mm-dd'));
insert into movie values ('00000095', 'movie95', 'Movie', 140, TO_DATE('2017-6-2', 'yyyy-mm-dd'));
insert into movie values ('00000096', 'movie96', 'KnuMovieDB Original', 100, TO_DATE('2004-6-23', 'yyyy-mm-dd'));
insert into movie values ('00000097', 'movie97', 'Movie', 124, TO_DATE('2020-6-26', 'yyyy-mm-dd'));
insert into movie values ('00000098', 'movie98', 'Movie', 72, TO_DATE('2013-10-6', 'yyyy-mm-dd'));
insert into movie values ('00000099', 'movie99', 'Movie', 41, TO_DATE('2020-3-18', 'yyyy-mm-dd'));
insert into movie values ('00000100', 'movie100', 'Movie', 44, TO_DATE('2015-9-2', 'yyyy-mm-dd'));
insert into movie values ('00000101', 'movie101', 'TV Series', 64, TO_DATE('1989-9-16', 'yyyy-mm-dd'));
insert into movie values ('00000102', 'movie102', 'KnuMovieDB Original', 54, TO_DATE('1992-8-4', 'yyyy-mm-dd'));
insert into movie values ('00000103', 'movie103', 'KnuMovieDB Original', 32, TO_DATE('2006-5-16', 'yyyy-mm-dd'));
insert into movie values ('00000104', 'movie104', 'TV Series', 49, TO_DATE('2004-3-24', 'yyyy-mm-dd'));
insert into movie values ('00000105', 'movie105', 'TV Series', 140, TO_DATE('1991-1-27', 'yyyy-mm-dd'));
insert into movie values ('00000106', 'movie106', 'KnuMovieDB Original', 69, TO_DATE('1995-10-14', 'yyyy-mm-dd'));
insert into movie values ('00000107', 'movie107', 'KnuMovieDB Original', 52, TO_DATE('2020-10-2', 'yyyy-mm-dd'));
insert into movie values ('00000108', 'movie108', 'Movie', 122, TO_DATE('1982-1-10', 'yyyy-mm-dd'));
insert into movie values ('00000109', 'movie109', 'KnuMovieDB Original', 80, TO_DATE('1985-7-22', 'yyyy-mm-dd'));
insert into movie values ('00000110', 'movie110', 'Movie', 109, TO_DATE('2002-12-28', 'yyyy-mm-dd'));
insert into movie values ('00000111', 'movie111', 'Movie', 32, TO_DATE('1980-5-26', 'yyyy-mm-dd'));
insert into movie values ('00000112', 'movie112', 'Movie', 34, TO_DATE('2003-7-16', 'yyyy-mm-dd'));
insert into movie values ('00000113', 'movie113', 'Movie', 135, TO_DATE('2020-4-27', 'yyyy-mm-dd'));
insert into movie values ('00000114', 'movie114', 'TV Series', 51, TO_DATE('2017-7-26', 'yyyy-mm-dd'));
insert into movie values ('00000115', 'movie115', 'KnuMovieDB Original', 99, TO_DATE('2017-11-13', 'yyyy-mm-dd'));
insert into movie values ('00000116', 'movie116', 'KnuMovieDB Original', 95, TO_DATE('2018-7-16', 'yyyy-mm-dd'));
insert into movie values ('00000117', 'movie117', 'Movie', 89, TO_DATE('2002-8-26', 'yyyy-mm-dd'));
insert into movie values ('00000118', 'movie118', 'Movie', 42, TO_DATE('2002-1-4', 'yyyy-mm-dd'));
insert into movie values ('00000119', 'movie119', 'Movie', 132, TO_DATE('1988-6-25', 'yyyy-mm-dd'));
insert into movie values ('00000120', 'movie120', 'TV Series', 136, TO_DATE('2020-11-2', 'yyyy-mm-dd'));
insert into movie values ('00000121', 'movie121', 'KnuMovieDB Original', 148, TO_DATE('2020-4-11', 'yyyy-mm-dd'));
insert into movie values ('00000122', 'movie122', 'KnuMovieDB Original', 56, TO_DATE('1980-9-11', 'yyyy-mm-dd'));
insert into movie values ('00000123', 'movie123', 'KnuMovieDB Original', 90, TO_DATE('1992-5-7', 'yyyy-mm-dd'));
insert into movie values ('00000124', 'movie124', 'KnuMovieDB Original', 111, TO_DATE('2002-1-26', 'yyyy-mm-dd'));
insert into movie values ('00000125', 'movie125', 'KnuMovieDB Original', 143, TO_DATE('1988-1-26', 'yyyy-mm-dd'));
insert into movie values ('00000126', 'movie126', 'KnuMovieDB Original', 122, TO_DATE('2007-2-11', 'yyyy-mm-dd'));
insert into movie values ('00000127', 'movie127', 'Movie', 39, TO_DATE('2010-2-18', 'yyyy-mm-dd'));
insert into movie values ('00000128', 'movie128', 'KnuMovieDB Original', 109, TO_DATE('1980-4-3', 'yyyy-mm-dd'));
insert into movie values ('00000129', 'movie129', 'TV Series', 104, TO_DATE('2004-10-14', 'yyyy-mm-dd'));
insert into movie values ('00000130', 'movie130', 'Movie', 135, TO_DATE('2002-6-26', 'yyyy-mm-dd'));
insert into movie values ('00000131', 'movie131', 'KnuMovieDB Original', 94, TO_DATE('2020-10-26', 'yyyy-mm-dd'));
insert into movie values ('00000132', 'movie132', 'KnuMovieDB Original', 135, TO_DATE('1989-4-16', 'yyyy-mm-dd'));
insert into movie values ('00000133', 'movie133', 'Movie', 130, TO_DATE('2020-10-4', 'yyyy-mm-dd'));
insert into movie values ('00000134', 'movie134', 'KnuMovieDB Original', 143, TO_DATE('2020-4-25', 'yyyy-mm-dd'));
insert into movie values ('00000135', 'movie135', 'KnuMovieDB Original', 88, TO_DATE('2003-4-1', 'yyyy-mm-dd'));
insert into movie values ('00000136', 'movie136', 'KnuMovieDB Original', 133, TO_DATE('2020-3-6', 'yyyy-mm-dd'));
insert into movie values ('00000137', 'movie137', 'Movie', 63, TO_DATE('1981-6-21', 'yyyy-mm-dd'));
insert into movie values ('00000138', 'movie138', 'KnuMovieDB Original', 32, TO_DATE('2006-7-12', 'yyyy-mm-dd'));
insert into movie values ('00000139', 'movie139', 'Movie', 128, TO_DATE('2012-12-25', 'yyyy-mm-dd'));
insert into movie values ('00000140', 'movie140', 'KnuMovieDB Original', 128, TO_DATE('2013-12-9', 'yyyy-mm-dd'));
insert into movie values ('00000141', 'movie141', 'TV Series', 59, TO_DATE('2006-8-24', 'yyyy-mm-dd'));
insert into movie values ('00000142', 'movie142', 'Movie', 30, TO_DATE('2020-4-23', 'yyyy-mm-dd'));
insert into movie values ('00000143', 'movie143', 'Movie', 35, TO_DATE('1980-1-8', 'yyyy-mm-dd'));
insert into movie values ('00000144', 'movie144', 'TV Series', 30, TO_DATE('1995-4-14', 'yyyy-mm-dd'));
insert into movie values ('00000145', 'movie145', 'Movie', 106, TO_DATE('2020-6-23', 'yyyy-mm-dd'));
insert into movie values ('00000146', 'movie146', 'Movie', 72, TO_DATE('2020-9-4', 'yyyy-mm-dd'));
insert into movie values ('00000147', 'movie147', 'KnuMovieDB Original', 36, TO_DATE('2020-2-24', 'yyyy-mm-dd'));
insert into movie values ('00000148', 'movie148', 'KnuMovieDB Original', 105, TO_DATE('1998-1-5', 'yyyy-mm-dd'));
insert into movie values ('00000149', 'movie149', 'Movie', 72, TO_DATE('2013-9-28', 'yyyy-mm-dd'));
insert into movie values ('00000150', 'movie150', 'Movie', 130, TO_DATE('2020-9-1', 'yyyy-mm-dd'));
insert into movie values ('00000151', 'movie151', 'Movie', 57, TO_DATE('2020-4-2', 'yyyy-mm-dd'));
insert into movie values ('00000152', 'movie152', 'TV Series', 34, TO_DATE('2020-12-27', 'yyyy-mm-dd'));
insert into movie values ('00000153', 'movie153', 'Movie', 71, TO_DATE('1986-8-20', 'yyyy-mm-dd'));
insert into movie values ('00000154', 'movie154', 'Movie', 48, TO_DATE('1999-4-26', 'yyyy-mm-dd'));
insert into movie values ('00000155', 'movie155', 'Movie', 40, TO_DATE('2020-6-11', 'yyyy-mm-dd'));
insert into movie values ('00000156', 'movie156', 'KnuMovieDB Original', 38, TO_DATE('1994-2-2', 'yyyy-mm-dd'));
insert into movie values ('00000157', 'movie157', 'TV Series', 138, TO_DATE('2001-6-10', 'yyyy-mm-dd'));
insert into movie values ('00000158', 'movie158', 'KnuMovieDB Original', 47, TO_DATE('2014-4-19', 'yyyy-mm-dd'));
insert into movie values ('00000159', 'movie159', 'TV Series', 110, TO_DATE('2017-3-25', 'yyyy-mm-dd'));
insert into movie values ('00000160', 'movie160', 'KnuMovieDB Original', 108, TO_DATE('2008-4-18', 'yyyy-mm-dd'));
insert into movie values ('00000161', 'movie161', 'KnuMovieDB Original', 56, TO_DATE('2020-4-9', 'yyyy-mm-dd'));
insert into movie values ('00000162', 'movie162', 'Movie', 59, TO_DATE('2001-2-11', 'yyyy-mm-dd'));
insert into movie values ('00000163', 'movie163', 'Movie', 140, TO_DATE('2004-2-15', 'yyyy-mm-dd'));
insert into movie values ('00000164', 'movie164', 'Movie', 59, TO_DATE('2005-8-27', 'yyyy-mm-dd'));
insert into movie values ('00000165', 'movie165', 'Movie', 94, TO_DATE('2018-5-4', 'yyyy-mm-dd'));
insert into movie values ('00000166', 'movie166', 'Movie', 149, TO_DATE('2020-12-25', 'yyyy-mm-dd'));
insert into movie values ('00000167', 'movie167', 'Movie', 85, TO_DATE('2000-11-23', 'yyyy-mm-dd'));
insert into movie values ('00000168', 'movie168', 'Movie', 39, TO_DATE('2016-8-4', 'yyyy-mm-dd'));
insert into movie values ('00000169', 'movie169', 'TV Series', 116, TO_DATE('1987-7-21', 'yyyy-mm-dd'));
insert into movie values ('00000170', 'movie170', 'KnuMovieDB Original', 33, TO_DATE('2017-10-22', 'yyyy-mm-dd'));
insert into movie values ('00000171', 'movie171', 'KnuMovieDB Original', 68, TO_DATE('2020-6-14', 'yyyy-mm-dd'));
insert into movie values ('00000172', 'movie172', 'KnuMovieDB Original', 100, TO_DATE('2001-2-23', 'yyyy-mm-dd'));
insert into movie values ('00000173', 'movie173', 'KnuMovieDB Original', 136, TO_DATE('2020-1-16', 'yyyy-mm-dd'));
insert into movie values ('00000174', 'movie174', 'KnuMovieDB Original', 80, TO_DATE('2013-1-27', 'yyyy-mm-dd'));
insert into movie values ('00000175', 'movie175', 'Movie', 115, TO_DATE('2013-8-17', 'yyyy-mm-dd'));
insert into movie values ('00000176', 'movie176', 'Movie', 46, TO_DATE('2000-6-17', 'yyyy-mm-dd'));
insert into movie values ('00000177', 'movie177', 'Movie', 117, TO_DATE('2020-7-5', 'yyyy-mm-dd'));
insert into movie values ('00000178', 'movie178', 'Movie', 36, TO_DATE('2007-11-8', 'yyyy-mm-dd'));
insert into movie values ('00000179', 'movie179', 'KnuMovieDB Original', 41, TO_DATE('2007-1-6', 'yyyy-mm-dd'));
insert into movie values ('00000180', 'movie180', 'KnuMovieDB Original', 39, TO_DATE('2001-2-18', 'yyyy-mm-dd'));
insert into movie values ('00000181', 'movie181', 'Movie', 55, TO_DATE('2012-8-25', 'yyyy-mm-dd'));
insert into movie values ('00000182', 'movie182', 'KnuMovieDB Original', 44, TO_DATE('1987-12-26', 'yyyy-mm-dd'));
insert into movie values ('00000183', 'movie183', 'Movie', 60, TO_DATE('2020-12-27', 'yyyy-mm-dd'));
insert into movie values ('00000184', 'movie184', 'Movie', 43, TO_DATE('2020-9-9', 'yyyy-mm-dd'));
insert into movie values ('00000185', 'movie185', 'KnuMovieDB Original', 66, TO_DATE('2012-12-25', 'yyyy-mm-dd'));
insert into movie values ('00000186', 'movie186', 'Movie', 121, TO_DATE('2020-9-16', 'yyyy-mm-dd'));
insert into movie values ('00000187', 'movie187', 'Movie', 138, TO_DATE('2020-11-12', 'yyyy-mm-dd'));
insert into movie values ('00000188', 'movie188', 'Movie', 64, TO_DATE('2000-2-20', 'yyyy-mm-dd'));
insert into movie values ('00000189', 'movie189', 'KnuMovieDB Original', 37, TO_DATE('2020-1-26', 'yyyy-mm-dd'));
insert into movie values ('00000190', 'movie190', 'Movie', 64, TO_DATE('2007-3-4', 'yyyy-mm-dd'));
insert into movie values ('00000191', 'movie191', 'Movie', 104, TO_DATE('2009-3-13', 'yyyy-mm-dd'));
insert into movie values ('00000192', 'movie192', 'TV Series', 79, TO_DATE('2020-6-2', 'yyyy-mm-dd'));
insert into movie values ('00000193', 'movie193', 'KnuMovieDB Original', 76, TO_DATE('2015-4-1', 'yyyy-mm-dd'));
insert into movie values ('00000194', 'movie194', 'KnuMovieDB Original', 83, TO_DATE('2020-1-26', 'yyyy-mm-dd'));
insert into movie values ('00000195', 'movie195', 'KnuMovieDB Original', 56, TO_DATE('1993-8-4', 'yyyy-mm-dd'));
insert into movie values ('00000196', 'movie196', 'Movie', 58, TO_DATE('1983-2-11', 'yyyy-mm-dd'));
insert into movie values ('00000197', 'movie197', 'KnuMovieDB Original', 121, TO_DATE('1998-3-19', 'yyyy-mm-dd'));
insert into movie values ('00000198', 'movie198', 'Movie', 111, TO_DATE('2020-8-12', 'yyyy-mm-dd'));
insert into movie values ('00000199', 'movie199', 'Movie', 61, TO_DATE('2020-1-18', 'yyyy-mm-dd'));
insert into movie values ('00000200', 'movie200', 'KnuMovieDB Original', 31, TO_DATE('2011-12-19', 'yyyy-mm-dd'));
insert into movie values ('00000201', 'movie201', 'KnuMovieDB Original', 120, TO_DATE('1996-2-24', 'yyyy-mm-dd'));
insert into movie values ('00000202', 'movie202', 'Movie', 134, TO_DATE('1984-5-17', 'yyyy-mm-dd'));
insert into movie values ('00000203', 'movie203', 'KnuMovieDB Original', 58, TO_DATE('2007-2-26', 'yyyy-mm-dd'));
insert into movie values ('00000204', 'movie204', 'Movie', 65, TO_DATE('2020-4-1', 'yyyy-mm-dd'));
insert into movie values ('00000205', 'movie205', 'Movie', 47, TO_DATE('1984-1-2', 'yyyy-mm-dd'));
insert into movie values ('00000206', 'movie206', 'KnuMovieDB Original', 32, TO_DATE('2020-9-12', 'yyyy-mm-dd'));
insert into movie values ('00000207', 'movie207', 'Movie', 127, TO_DATE('2010-8-10', 'yyyy-mm-dd'));
insert into movie values ('00000208', 'movie208', 'KnuMovieDB Original', 108, TO_DATE('1999-7-21', 'yyyy-mm-dd'));
insert into movie values ('00000209', 'movie209', 'Movie', 73, TO_DATE('2004-9-27', 'yyyy-mm-dd'));
insert into movie values ('00000210', 'movie210', 'KnuMovieDB Original', 145, TO_DATE('2020-10-12', 'yyyy-mm-dd'));
insert into movie values ('00000211', 'movie211', 'KnuMovieDB Original', 130, TO_DATE('2005-6-27', 'yyyy-mm-dd'));
insert into movie values ('00000212', 'movie212', 'KnuMovieDB Original', 81, TO_DATE('1993-7-3', 'yyyy-mm-dd'));
insert into movie values ('00000213', 'movie213', 'Movie', 118, TO_DATE('2020-2-2', 'yyyy-mm-dd'));
insert into movie values ('00000214', 'movie214', 'TV Series', 56, TO_DATE('2007-8-18', 'yyyy-mm-dd'));
insert into movie values ('00000215', 'movie215', 'KnuMovieDB Original', 101, TO_DATE('1985-3-16', 'yyyy-mm-dd'));
insert into movie values ('00000216', 'movie216', 'KnuMovieDB Original', 42, TO_DATE('1996-6-19', 'yyyy-mm-dd'));
insert into movie values ('00000217', 'movie217', 'Movie', 135, TO_DATE('2019-10-20', 'yyyy-mm-dd'));
insert into movie values ('00000218', 'movie218', 'Movie', 82, TO_DATE('2020-7-17', 'yyyy-mm-dd'));
insert into movie values ('00000219', 'movie219', 'Movie', 42, TO_DATE('1985-1-12', 'yyyy-mm-dd'));
insert into movie values ('00000220', 'movie220', 'Movie', 59, TO_DATE('1986-6-16', 'yyyy-mm-dd'));

insert into episode values (1, 'ep1', '00000201');
insert into episode values (2, 'ep2', '00000201');
insert into episode values (3, 'ep3', '00000201');
insert into episode values (4, 'ep4', '00000201');
insert into episode values (5, 'ep5', '00000201');
insert into episode values (6, 'ep1', '00000202');
insert into episode values (7, 'ep2', '00000202');
insert into episode values (8, 'ep3', '00000202');
insert into episode values (9, 'ep4', '00000202');
insert into episode values (10, 'ep5', '00000202');
insert into episode values (11, 'ep1', '00000203');
insert into episode values (12, 'ep2', '00000203');
insert into episode values (13, 'ep3', '00000203');
insert into episode values (14, 'ep4', '00000203');
insert into episode values (15, 'ep5', '00000203');
insert into episode values (16, 'ep1', '00000204');
insert into episode values (17, 'ep2', '00000204');
insert into episode values (18, 'ep3', '00000204');
insert into episode values (19, 'ep4', '00000204');
insert into episode values (20, 'ep5', '00000204');
insert into episode values (21, 'ep1', '00000205');
insert into episode values (22, 'ep2', '00000205');
insert into episode values (23, 'ep3', '00000205');
insert into episode values (24, 'ep4', '00000205');
insert into episode values (25, 'ep5', '00000205');
insert into episode values (26, 'ep1', '00000206');
insert into episode values (27, 'ep2', '00000206');
insert into episode values (28, 'ep3', '00000206');
insert into episode values (29, 'ep4', '00000206');
insert into episode values (30, 'ep5', '00000206');
insert into episode values (31, 'ep1', '00000207');
insert into episode values (32, 'ep2', '00000207');
insert into episode values (33, 'ep3', '00000207');
insert into episode values (34, 'ep4', '00000207');
insert into episode values (35, 'ep5', '00000207');
insert into episode values (36, 'ep1', '00000208');
insert into episode values (37, 'ep2', '00000208');
insert into episode values (38, 'ep3', '00000208');
insert into episode values (39, 'ep4', '00000208');
insert into episode values (40, 'ep5', '00000208');
insert into episode values (41, 'ep1', '00000209');
insert into episode values (42, 'ep2', '00000209');
insert into episode values (43, 'ep3', '00000209');
insert into episode values (44, 'ep4', '00000209');
insert into episode values (45, 'ep5', '00000209');
insert into episode values (46, 'ep1', '00000210');
insert into episode values (47, 'ep2', '00000210');
insert into episode values (48, 'ep3', '00000210');
insert into episode values (49, 'ep4', '00000210');
insert into episode values (50, 'ep5', '00000210');
insert into episode values (51, 'ep1', '00000211');
insert into episode values (52, 'ep2', '00000211');
insert into episode values (53, 'ep3', '00000211');
insert into episode values (54, 'ep4', '00000211');
insert into episode values (55, 'ep5', '00000211');
insert into episode values (56, 'ep1', '00000212');
insert into episode values (57, 'ep2', '00000212');
insert into episode values (58, 'ep3', '00000212');
insert into episode values (59, 'ep4', '00000212');
insert into episode values (60, 'ep5', '00000212');
insert into episode values (61, 'ep1', '00000213');
insert into episode values (62, 'ep2', '00000213');
insert into episode values (63, 'ep3', '00000213');
insert into episode values (64, 'ep4', '00000213');
insert into episode values (65, 'ep5', '00000213');
insert into episode values (66, 'ep1', '00000214');
insert into episode values (67, 'ep2', '00000214');
insert into episode values (68, 'ep3', '00000214');
insert into episode values (69, 'ep4', '00000214');
insert into episode values (70, 'ep5', '00000214');
insert into episode values (71, 'ep1', '00000215');
insert into episode values (72, 'ep2', '00000215');
insert into episode values (73, 'ep3', '00000215');
insert into episode values (74, 'ep4', '00000215');
insert into episode values (75, 'ep5', '00000215');
insert into episode values (76, 'ep1', '00000216');
insert into episode values (77, 'ep2', '00000216');
insert into episode values (78, 'ep3', '00000216');
insert into episode values (79, 'ep4', '00000216');
insert into episode values (80, 'ep5', '00000216');
insert into episode values (81, 'ep1', '00000217');
insert into episode values (82, 'ep2', '00000217');
insert into episode values (83, 'ep3', '00000217');
insert into episode values (84, 'ep4', '00000217');
insert into episode values (85, 'ep5', '00000217');
insert into episode values (86, 'ep1', '00000218');
insert into episode values (87, 'ep2', '00000218');
insert into episode values (88, 'ep3', '00000218');
insert into episode values (89, 'ep4', '00000218');
insert into episode values (90, 'ep5', '00000218');
insert into episode values (91, 'ep1', '00000219');
insert into episode values (92, 'ep2', '00000219');
insert into episode values (93, 'ep3', '00000219');
insert into episode values (94, 'ep4', '00000219');
insert into episode values (95, 'ep5', '00000219');
insert into episode values (96, 'ep1', '00000220');
insert into episode values (97, 'ep2', '00000220');
insert into episode values (98, 'ep3', '00000220');
insert into episode values (99, 'ep4', '00000220');
insert into episode values (100, 'ep5', '00000220');

insert into version values (1, 'US', 'US_movie1', '00000001');
insert into version values (2, 'US', 'US_movie2', '00000002');
insert into version values (3, 'US', 'US_movie3', '00000003');
insert into version values (4, 'US', 'US_movie4', '00000004');
insert into version values (5, 'US', 'US_movie5', '00000005');
insert into version values (6, 'US', 'US_movie6', '00000006');
insert into version values (7, 'US', 'US_movie7', '00000007');
insert into version values (8, 'US', 'US_movie8', '00000008');
insert into version values (9, 'US', 'US_movie9', '00000009');
insert into version values (10, 'US', 'US_movie10', '00000010');
insert into version values (11, 'US', 'US_movie11', '00000011');
insert into version values (12, 'US', 'US_movie12', '00000012');
insert into version values (13, 'US', 'US_movie13', '00000013');
insert into version values (14, 'US', 'US_movie14', '00000014');
insert into version values (15, 'US', 'US_movie15', '00000015');
insert into version values (16, 'US', 'US_movie16', '00000016');
insert into version values (17, 'US', 'US_movie17', '00000017');
insert into version values (18, 'US', 'US_movie18', '00000018');
insert into version values (19, 'US', 'US_movie19', '00000019');
insert into version values (20, 'US', 'US_movie20', '00000020');
insert into version values (21, 'US', 'US_movie21', '00000021');
insert into version values (22, 'US', 'US_movie22', '00000022');
insert into version values (23, 'US', 'US_movie23', '00000023');
insert into version values (24, 'US', 'US_movie24', '00000024');
insert into version values (25, 'US', 'US_movie25', '00000025');
insert into version values (26, 'US', 'US_movie26', '00000026');
insert into version values (27, 'US', 'US_movie27', '00000027');
insert into version values (28, 'US', 'US_movie28', '00000028');
insert into version values (29, 'US', 'US_movie29', '00000029');
insert into version values (30, 'US', 'US_movie30', '00000030');
insert into version values (31, 'US', 'US_movie31', '00000031');
insert into version values (32, 'US', 'US_movie32', '00000032');
insert into version values (33, 'US', 'US_movie33', '00000033');
insert into version values (34, 'US', 'US_movie34', '00000034');
insert into version values (35, 'US', 'US_movie35', '00000035');
insert into version values (36, 'US', 'US_movie36', '00000036');
insert into version values (37, 'US', 'US_movie37', '00000037');
insert into version values (38, 'US', 'US_movie38', '00000038');
insert into version values (39, 'US', 'US_movie39', '00000039');
insert into version values (40, 'US', 'US_movie40', '00000040');
insert into version values (41, 'US', 'US_movie41', '00000041');
insert into version values (42, 'US', 'US_movie42', '00000042');
insert into version values (43, 'US', 'US_movie43', '00000043');
insert into version values (44, 'US', 'US_movie44', '00000044');
insert into version values (45, 'US', 'US_movie45', '00000045');
insert into version values (46, 'US', 'US_movie46', '00000046');
insert into version values (47, 'US', 'US_movie47', '00000047');
insert into version values (48, 'US', 'US_movie48', '00000048');
insert into version values (49, 'US', 'US_movie49', '00000049');
insert into version values (50, 'US', 'US_movie50', '00000050');
insert into version values (51, 'US', 'US_movie51', '00000051');
insert into version values (52, 'US', 'US_movie52', '00000052');
insert into version values (53, 'US', 'US_movie53', '00000053');
insert into version values (54, 'US', 'US_movie54', '00000054');
insert into version values (55, 'US', 'US_movie55', '00000055');
insert into version values (56, 'US', 'US_movie56', '00000056');
insert into version values (57, 'US', 'US_movie57', '00000057');
insert into version values (58, 'US', 'US_movie58', '00000058');
insert into version values (59, 'US', 'US_movie59', '00000059');
insert into version values (60, 'US', 'US_movie60', '00000060');
insert into version values (61, 'US', 'US_movie61', '00000061');
insert into version values (62, 'US', 'US_movie62', '00000062');
insert into version values (63, 'US', 'US_movie63', '00000063');
insert into version values (64, 'US', 'US_movie64', '00000064');
insert into version values (65, 'US', 'US_movie65', '00000065');
insert into version values (66, 'US', 'US_movie66', '00000066');
insert into version values (67, 'US', 'US_movie67', '00000067');
insert into version values (68, 'US', 'US_movie68', '00000068');
insert into version values (69, 'US', 'US_movie69', '00000069');
insert into version values (70, 'US', 'US_movie70', '00000070');
insert into version values (71, 'US', 'US_movie71', '00000071');
insert into version values (72, 'US', 'US_movie72', '00000072');
insert into version values (73, 'US', 'US_movie73', '00000073');
insert into version values (74, 'US', 'US_movie74', '00000074');
insert into version values (75, 'US', 'US_movie75', '00000075');
insert into version values (76, 'US', 'US_movie76', '00000076');
insert into version values (77, 'US', 'US_movie77', '00000077');
insert into version values (78, 'US', 'US_movie78', '00000078');
insert into version values (79, 'US', 'US_movie79', '00000079');
insert into version values (80, 'US', 'US_movie80', '00000080');
insert into version values (81, 'US', 'US_movie81', '00000081');
insert into version values (82, 'US', 'US_movie82', '00000082');
insert into version values (83, 'US', 'US_movie83', '00000083');
insert into version values (84, 'US', 'US_movie84', '00000084');
insert into version values (85, 'US', 'US_movie85', '00000085');
insert into version values (86, 'US', 'US_movie86', '00000086');
insert into version values (87, 'US', 'US_movie87', '00000087');
insert into version values (88, 'US', 'US_movie88', '00000088');
insert into version values (89, 'US', 'US_movie89', '00000089');
insert into version values (90, 'US', 'US_movie90', '00000090');
insert into version values (91, 'US', 'US_movie91', '00000091');
insert into version values (92, 'US', 'US_movie92', '00000092');
insert into version values (93, 'US', 'US_movie93', '00000093');
insert into version values (94, 'US', 'US_movie94', '00000094');
insert into version values (95, 'US', 'US_movie95', '00000095');
insert into version values (96, 'US', 'US_movie96', '00000096');
insert into version values (97, 'US', 'US_movie97', '00000097');
insert into version values (98, 'US', 'US_movie98', '00000098');
insert into version values (99, 'US', 'US_movie99', '00000099');
insert into version values (100, 'US', 'US_movie100', '00000100');
insert into version values (101, 'US', 'US_movie101', '00000101');
insert into version values (102, 'US', 'US_movie102', '00000102');
insert into version values (103, 'US', 'US_movie103', '00000103');
insert into version values (104, 'US', 'US_movie104', '00000104');
insert into version values (105, 'US', 'US_movie105', '00000105');
insert into version values (106, 'US', 'US_movie106', '00000106');
insert into version values (107, 'US', 'US_movie107', '00000107');
insert into version values (108, 'US', 'US_movie108', '00000108');
insert into version values (109, 'US', 'US_movie109', '00000109');
insert into version values (110, 'US', 'US_movie110', '00000110');
insert into version values (111, 'US', 'US_movie111', '00000111');
insert into version values (112, 'US', 'US_movie112', '00000112');
insert into version values (113, 'US', 'US_movie113', '00000113');
insert into version values (114, 'US', 'US_movie114', '00000114');
insert into version values (115, 'US', 'US_movie115', '00000115');
insert into version values (116, 'US', 'US_movie116', '00000116');
insert into version values (117, 'US', 'US_movie117', '00000117');
insert into version values (118, 'US', 'US_movie118', '00000118');
insert into version values (119, 'US', 'US_movie119', '00000119');
insert into version values (120, 'US', 'US_movie120', '00000120');
insert into version values (121, 'US', 'US_movie121', '00000121');
insert into version values (122, 'US', 'US_movie122', '00000122');
insert into version values (123, 'US', 'US_movie123', '00000123');
insert into version values (124, 'US', 'US_movie124', '00000124');
insert into version values (125, 'US', 'US_movie125', '00000125');
insert into version values (126, 'US', 'US_movie126', '00000126');
insert into version values (127, 'US', 'US_movie127', '00000127');
insert into version values (128, 'US', 'US_movie128', '00000128');
insert into version values (129, 'US', 'US_movie129', '00000129');
insert into version values (130, 'US', 'US_movie130', '00000130');
insert into version values (131, 'US', 'US_movie131', '00000131');
insert into version values (132, 'US', 'US_movie132', '00000132');
insert into version values (133, 'US', 'US_movie133', '00000133');
insert into version values (134, 'US', 'US_movie134', '00000134');
insert into version values (135, 'US', 'US_movie135', '00000135');
insert into version values (136, 'US', 'US_movie136', '00000136');
insert into version values (137, 'US', 'US_movie137', '00000137');
insert into version values (138, 'US', 'US_movie138', '00000138');
insert into version values (139, 'US', 'US_movie139', '00000139');
insert into version values (140, 'US', 'US_movie140', '00000140');
insert into version values (141, 'US', 'US_movie141', '00000141');
insert into version values (142, 'US', 'US_movie142', '00000142');
insert into version values (143, 'US', 'US_movie143', '00000143');
insert into version values (144, 'US', 'US_movie144', '00000144');
insert into version values (145, 'US', 'US_movie145', '00000145');
insert into version values (146, 'US', 'US_movie146', '00000146');
insert into version values (147, 'US', 'US_movie147', '00000147');
insert into version values (148, 'US', 'US_movie148', '00000148');
insert into version values (149, 'US', 'US_movie149', '00000149');
insert into version values (150, 'US', 'US_movie150', '00000150');
insert into version values (151, 'US', 'US_movie151', '00000151');
insert into version values (152, 'US', 'US_movie152', '00000152');
insert into version values (153, 'US', 'US_movie153', '00000153');
insert into version values (154, 'US', 'US_movie154', '00000154');
insert into version values (155, 'US', 'US_movie155', '00000155');
insert into version values (156, 'US', 'US_movie156', '00000156');
insert into version values (157, 'US', 'US_movie157', '00000157');
insert into version values (158, 'US', 'US_movie158', '00000158');
insert into version values (159, 'US', 'US_movie159', '00000159');
insert into version values (160, 'US', 'US_movie160', '00000160');
insert into version values (161, 'US', 'US_movie161', '00000161');
insert into version values (162, 'US', 'US_movie162', '00000162');
insert into version values (163, 'US', 'US_movie163', '00000163');
insert into version values (164, 'US', 'US_movie164', '00000164');
insert into version values (165, 'US', 'US_movie165', '00000165');
insert into version values (166, 'US', 'US_movie166', '00000166');
insert into version values (167, 'US', 'US_movie167', '00000167');
insert into version values (168, 'US', 'US_movie168', '00000168');
insert into version values (169, 'US', 'US_movie169', '00000169');
insert into version values (170, 'US', 'US_movie170', '00000170');
insert into version values (171, 'US', 'US_movie171', '00000171');
insert into version values (172, 'US', 'US_movie172', '00000172');
insert into version values (173, 'US', 'US_movie173', '00000173');
insert into version values (174, 'US', 'US_movie174', '00000174');
insert into version values (175, 'US', 'US_movie175', '00000175');
insert into version values (176, 'US', 'US_movie176', '00000176');
insert into version values (177, 'US', 'US_movie177', '00000177');
insert into version values (178, 'US', 'US_movie178', '00000178');
insert into version values (179, 'US', 'US_movie179', '00000179');
insert into version values (180, 'US', 'US_movie180', '00000180');
insert into version values (181, 'US', 'US_movie181', '00000181');
insert into version values (182, 'US', 'US_movie182', '00000182');
insert into version values (183, 'US', 'US_movie183', '00000183');
insert into version values (184, 'US', 'US_movie184', '00000184');
insert into version values (185, 'US', 'US_movie185', '00000185');
insert into version values (186, 'US', 'US_movie186', '00000186');
insert into version values (187, 'US', 'US_movie187', '00000187');
insert into version values (188, 'US', 'US_movie188', '00000188');
insert into version values (189, 'US', 'US_movie189', '00000189');
insert into version values (190, 'US', 'US_movie190', '00000190');
insert into version values (191, 'US', 'US_movie191', '00000191');
insert into version values (192, 'US', 'US_movie192', '00000192');
insert into version values (193, 'US', 'US_movie193', '00000193');
insert into version values (194, 'US', 'US_movie194', '00000194');
insert into version values (195, 'US', 'US_movie195', '00000195');
insert into version values (196, 'US', 'US_movie196', '00000196');
insert into version values (197, 'US', 'US_movie197', '00000197');
insert into version values (198, 'US', 'US_movie198', '00000198');
insert into version values (199, 'US', 'US_movie199', '00000199');
insert into version values (200, 'US', 'US_movie200', '00000200');
insert into version values (201, 'US', 'US_movie201', '00000201');
insert into version values (202, 'US', 'US_movie202', '00000202');
insert into version values (203, 'US', 'US_movie203', '00000203');
insert into version values (204, 'US', 'US_movie204', '00000204');
insert into version values (205, 'US', 'US_movie205', '00000205');
insert into version values (206, 'US', 'US_movie206', '00000206');
insert into version values (207, 'US', 'US_movie207', '00000207');
insert into version values (208, 'US', 'US_movie208', '00000208');
insert into version values (209, 'US', 'US_movie209', '00000209');
insert into version values (210, 'US', 'US_movie210', '00000210');
insert into version values (211, 'US', 'US_movie211', '00000211');
insert into version values (212, 'US', 'US_movie212', '00000212');
insert into version values (213, 'US', 'US_movie213', '00000213');
insert into version values (214, 'US', 'US_movie214', '00000214');
insert into version values (215, 'US', 'US_movie215', '00000215');
insert into version values (216, 'US', 'US_movie216', '00000216');
insert into version values (217, 'US', 'US_movie217', '00000217');
insert into version values (218, 'US', 'US_movie218', '00000218');
insert into version values (219, 'US', 'US_movie219', '00000219');
insert into version values (220, 'US', 'US_movie220', '00000220');
insert into version values (221, 'KR', 'KR_movie1', '00000001');
insert into version values (222, 'KR', 'KR_movie2', '00000002');
insert into version values (223, 'KR', 'KR_movie3', '00000003');
insert into version values (224, 'KR', 'KR_movie4', '00000004');
insert into version values (225, 'KR', 'KR_movie5', '00000005');
insert into version values (226, 'KR', 'KR_movie6', '00000006');
insert into version values (227, 'KR', 'KR_movie7', '00000007');
insert into version values (228, 'KR', 'KR_movie8', '00000008');
insert into version values (229, 'KR', 'KR_movie9', '00000009');
insert into version values (230, 'KR', 'KR_movie10', '00000010');
insert into version values (231, 'KR', 'KR_movie11', '00000011');
insert into version values (232, 'KR', 'KR_movie12', '00000012');
insert into version values (233, 'KR', 'KR_movie13', '00000013');
insert into version values (234, 'KR', 'KR_movie14', '00000014');
insert into version values (235, 'KR', 'KR_movie15', '00000015');
insert into version values (236, 'KR', 'KR_movie16', '00000016');
insert into version values (237, 'KR', 'KR_movie17', '00000017');
insert into version values (238, 'KR', 'KR_movie18', '00000018');
insert into version values (239, 'KR', 'KR_movie19', '00000019');
insert into version values (240, 'KR', 'KR_movie20', '00000020');
insert into version values (241, 'KR', 'KR_movie21', '00000021');
insert into version values (242, 'KR', 'KR_movie22', '00000022');
insert into version values (243, 'KR', 'KR_movie23', '00000023');
insert into version values (244, 'KR', 'KR_movie24', '00000024');
insert into version values (245, 'KR', 'KR_movie25', '00000025');
insert into version values (246, 'KR', 'KR_movie26', '00000026');
insert into version values (247, 'KR', 'KR_movie27', '00000027');
insert into version values (248, 'KR', 'KR_movie28', '00000028');
insert into version values (249, 'KR', 'KR_movie29', '00000029');
insert into version values (250, 'KR', 'KR_movie30', '00000030');
insert into version values (251, 'KR', 'KR_movie31', '00000031');
insert into version values (252, 'KR', 'KR_movie32', '00000032');
insert into version values (253, 'KR', 'KR_movie33', '00000033');
insert into version values (254, 'KR', 'KR_movie34', '00000034');
insert into version values (255, 'KR', 'KR_movie35', '00000035');
insert into version values (256, 'KR', 'KR_movie36', '00000036');
insert into version values (257, 'KR', 'KR_movie37', '00000037');
insert into version values (258, 'KR', 'KR_movie38', '00000038');
insert into version values (259, 'KR', 'KR_movie39', '00000039');
insert into version values (260, 'KR', 'KR_movie40', '00000040');
insert into version values (261, 'KR', 'KR_movie41', '00000041');
insert into version values (262, 'KR', 'KR_movie42', '00000042');
insert into version values (263, 'KR', 'KR_movie43', '00000043');
insert into version values (264, 'KR', 'KR_movie44', '00000044');
insert into version values (265, 'KR', 'KR_movie45', '00000045');
insert into version values (266, 'KR', 'KR_movie46', '00000046');
insert into version values (267, 'KR', 'KR_movie47', '00000047');
insert into version values (268, 'KR', 'KR_movie48', '00000048');
insert into version values (269, 'KR', 'KR_movie49', '00000049');
insert into version values (270, 'KR', 'KR_movie50', '00000050');
insert into version values (271, 'KR', 'KR_movie51', '00000051');
insert into version values (272, 'KR', 'KR_movie52', '00000052');
insert into version values (273, 'KR', 'KR_movie53', '00000053');
insert into version values (274, 'KR', 'KR_movie54', '00000054');
insert into version values (275, 'KR', 'KR_movie55', '00000055');
insert into version values (276, 'KR', 'KR_movie56', '00000056');
insert into version values (277, 'KR', 'KR_movie57', '00000057');
insert into version values (278, 'KR', 'KR_movie58', '00000058');
insert into version values (279, 'KR', 'KR_movie59', '00000059');
insert into version values (280, 'KR', 'KR_movie60', '00000060');
insert into version values (281, 'KR', 'KR_movie61', '00000061');
insert into version values (282, 'KR', 'KR_movie62', '00000062');
insert into version values (283, 'KR', 'KR_movie63', '00000063');
insert into version values (284, 'KR', 'KR_movie64', '00000064');
insert into version values (285, 'KR', 'KR_movie65', '00000065');
insert into version values (286, 'KR', 'KR_movie66', '00000066');
insert into version values (287, 'KR', 'KR_movie67', '00000067');
insert into version values (288, 'KR', 'KR_movie68', '00000068');
insert into version values (289, 'KR', 'KR_movie69', '00000069');
insert into version values (290, 'KR', 'KR_movie70', '00000070');
insert into version values (291, 'KR', 'KR_movie71', '00000071');
insert into version values (292, 'KR', 'KR_movie72', '00000072');
insert into version values (293, 'KR', 'KR_movie73', '00000073');
insert into version values (294, 'KR', 'KR_movie74', '00000074');
insert into version values (295, 'KR', 'KR_movie75', '00000075');
insert into version values (296, 'KR', 'KR_movie76', '00000076');
insert into version values (297, 'KR', 'KR_movie77', '00000077');
insert into version values (298, 'KR', 'KR_movie78', '00000078');
insert into version values (299, 'KR', 'KR_movie79', '00000079');
insert into version values (300, 'KR', 'KR_movie80', '00000080');
insert into version values (301, 'KR', 'KR_movie81', '00000081');
insert into version values (302, 'KR', 'KR_movie82', '00000082');
insert into version values (303, 'KR', 'KR_movie83', '00000083');
insert into version values (304, 'KR', 'KR_movie84', '00000084');
insert into version values (305, 'KR', 'KR_movie85', '00000085');
insert into version values (306, 'KR', 'KR_movie86', '00000086');
insert into version values (307, 'KR', 'KR_movie87', '00000087');
insert into version values (308, 'KR', 'KR_movie88', '00000088');
insert into version values (309, 'KR', 'KR_movie89', '00000089');
insert into version values (310, 'KR', 'KR_movie90', '00000090');
insert into version values (311, 'KR', 'KR_movie91', '00000091');
insert into version values (312, 'KR', 'KR_movie92', '00000092');
insert into version values (313, 'KR', 'KR_movie93', '00000093');
insert into version values (314, 'KR', 'KR_movie94', '00000094');
insert into version values (315, 'KR', 'KR_movie95', '00000095');
insert into version values (316, 'KR', 'KR_movie96', '00000096');
insert into version values (317, 'KR', 'KR_movie97', '00000097');
insert into version values (318, 'KR', 'KR_movie98', '00000098');
insert into version values (319, 'KR', 'KR_movie99', '00000099');
insert into version values (320, 'KR', 'KR_movie100', '00000100');
insert into version values (321, 'KR', 'KR_movie101', '00000101');
insert into version values (322, 'KR', 'KR_movie102', '00000102');
insert into version values (323, 'KR', 'KR_movie103', '00000103');
insert into version values (324, 'KR', 'KR_movie104', '00000104');
insert into version values (325, 'KR', 'KR_movie105', '00000105');
insert into version values (326, 'KR', 'KR_movie106', '00000106');
insert into version values (327, 'KR', 'KR_movie107', '00000107');
insert into version values (328, 'KR', 'KR_movie108', '00000108');
insert into version values (329, 'KR', 'KR_movie109', '00000109');
insert into version values (330, 'KR', 'KR_movie110', '00000110');
insert into version values (331, 'KR', 'KR_movie111', '00000111');
insert into version values (332, 'KR', 'KR_movie112', '00000112');
insert into version values (333, 'KR', 'KR_movie113', '00000113');
insert into version values (334, 'KR', 'KR_movie114', '00000114');
insert into version values (335, 'KR', 'KR_movie115', '00000115');
insert into version values (336, 'KR', 'KR_movie116', '00000116');
insert into version values (337, 'KR', 'KR_movie117', '00000117');
insert into version values (338, 'KR', 'KR_movie118', '00000118');
insert into version values (339, 'KR', 'KR_movie119', '00000119');
insert into version values (340, 'KR', 'KR_movie120', '00000120');
insert into version values (341, 'KR', 'KR_movie121', '00000121');
insert into version values (342, 'KR', 'KR_movie122', '00000122');
insert into version values (343, 'KR', 'KR_movie123', '00000123');
insert into version values (344, 'KR', 'KR_movie124', '00000124');
insert into version values (345, 'KR', 'KR_movie125', '00000125');
insert into version values (346, 'KR', 'KR_movie126', '00000126');
insert into version values (347, 'KR', 'KR_movie127', '00000127');
insert into version values (348, 'KR', 'KR_movie128', '00000128');
insert into version values (349, 'KR', 'KR_movie129', '00000129');
insert into version values (350, 'KR', 'KR_movie130', '00000130');
insert into version values (351, 'KR', 'KR_movie131', '00000131');
insert into version values (352, 'KR', 'KR_movie132', '00000132');
insert into version values (353, 'KR', 'KR_movie133', '00000133');
insert into version values (354, 'KR', 'KR_movie134', '00000134');
insert into version values (355, 'KR', 'KR_movie135', '00000135');
insert into version values (356, 'KR', 'KR_movie136', '00000136');
insert into version values (357, 'KR', 'KR_movie137', '00000137');
insert into version values (358, 'KR', 'KR_movie138', '00000138');
insert into version values (359, 'KR', 'KR_movie139', '00000139');
insert into version values (360, 'KR', 'KR_movie140', '00000140');
insert into version values (361, 'KR', 'KR_movie141', '00000141');
insert into version values (362, 'KR', 'KR_movie142', '00000142');
insert into version values (363, 'KR', 'KR_movie143', '00000143');
insert into version values (364, 'KR', 'KR_movie144', '00000144');
insert into version values (365, 'KR', 'KR_movie145', '00000145');
insert into version values (366, 'KR', 'KR_movie146', '00000146');
insert into version values (367, 'KR', 'KR_movie147', '00000147');
insert into version values (368, 'KR', 'KR_movie148', '00000148');
insert into version values (369, 'KR', 'KR_movie149', '00000149');
insert into version values (370, 'KR', 'KR_movie150', '00000150');
insert into version values (371, 'KR', 'KR_movie151', '00000151');
insert into version values (372, 'KR', 'KR_movie152', '00000152');
insert into version values (373, 'KR', 'KR_movie153', '00000153');
insert into version values (374, 'KR', 'KR_movie154', '00000154');
insert into version values (375, 'KR', 'KR_movie155', '00000155');
insert into version values (376, 'KR', 'KR_movie156', '00000156');
insert into version values (377, 'KR', 'KR_movie157', '00000157');
insert into version values (378, 'KR', 'KR_movie158', '00000158');
insert into version values (379, 'KR', 'KR_movie159', '00000159');
insert into version values (380, 'KR', 'KR_movie160', '00000160');
insert into version values (381, 'KR', 'KR_movie161', '00000161');
insert into version values (382, 'KR', 'KR_movie162', '00000162');
insert into version values (383, 'KR', 'KR_movie163', '00000163');
insert into version values (384, 'KR', 'KR_movie164', '00000164');
insert into version values (385, 'KR', 'KR_movie165', '00000165');
insert into version values (386, 'KR', 'KR_movie166', '00000166');
insert into version values (387, 'KR', 'KR_movie167', '00000167');
insert into version values (388, 'KR', 'KR_movie168', '00000168');
insert into version values (389, 'KR', 'KR_movie169', '00000169');
insert into version values (390, 'KR', 'KR_movie170', '00000170');
insert into version values (391, 'KR', 'KR_movie171', '00000171');
insert into version values (392, 'KR', 'KR_movie172', '00000172');
insert into version values (393, 'KR', 'KR_movie173', '00000173');
insert into version values (394, 'KR', 'KR_movie174', '00000174');
insert into version values (395, 'KR', 'KR_movie175', '00000175');
insert into version values (396, 'KR', 'KR_movie176', '00000176');
insert into version values (397, 'KR', 'KR_movie177', '00000177');
insert into version values (398, 'KR', 'KR_movie178', '00000178');
insert into version values (399, 'KR', 'KR_movie179', '00000179');
insert into version values (400, 'KR', 'KR_movie180', '00000180');
insert into version values (401, 'KR', 'KR_movie181', '00000181');
insert into version values (402, 'KR', 'KR_movie182', '00000182');
insert into version values (403, 'KR', 'KR_movie183', '00000183');
insert into version values (404, 'KR', 'KR_movie184', '00000184');
insert into version values (405, 'KR', 'KR_movie185', '00000185');
insert into version values (406, 'KR', 'KR_movie186', '00000186');
insert into version values (407, 'KR', 'KR_movie187', '00000187');
insert into version values (408, 'KR', 'KR_movie188', '00000188');
insert into version values (409, 'KR', 'KR_movie189', '00000189');
insert into version values (410, 'KR', 'KR_movie190', '00000190');
insert into version values (411, 'KR', 'KR_movie191', '00000191');
insert into version values (412, 'KR', 'KR_movie192', '00000192');
insert into version values (413, 'KR', 'KR_movie193', '00000193');
insert into version values (414, 'KR', 'KR_movie194', '00000194');
insert into version values (415, 'KR', 'KR_movie195', '00000195');
insert into version values (416, 'KR', 'KR_movie196', '00000196');
insert into version values (417, 'KR', 'KR_movie197', '00000197');
insert into version values (418, 'KR', 'KR_movie198', '00000198');
insert into version values (419, 'KR', 'KR_movie199', '00000199');
insert into version values (420, 'KR', 'KR_movie200', '00000200');
insert into version values (421, 'KR', 'KR_movie201', '00000201');
insert into version values (422, 'KR', 'KR_movie202', '00000202');
insert into version values (423, 'KR', 'KR_movie203', '00000203');
insert into version values (424, 'KR', 'KR_movie204', '00000204');
insert into version values (425, 'KR', 'KR_movie205', '00000205');
insert into version values (426, 'KR', 'KR_movie206', '00000206');
insert into version values (427, 'KR', 'KR_movie207', '00000207');
insert into version values (428, 'KR', 'KR_movie208', '00000208');
insert into version values (429, 'KR', 'KR_movie209', '00000209');
insert into version values (430, 'KR', 'KR_movie210', '00000210');
insert into version values (431, 'KR', 'KR_movie211', '00000211');
insert into version values (432, 'KR', 'KR_movie212', '00000212');
insert into version values (433, 'KR', 'KR_movie213', '00000213');
insert into version values (434, 'KR', 'KR_movie214', '00000214');
insert into version values (435, 'KR', 'KR_movie215', '00000215');
insert into version values (436, 'KR', 'KR_movie216', '00000216');
insert into version values (437, 'KR', 'KR_movie217', '00000217');
insert into version values (438, 'KR', 'KR_movie218', '00000218');
insert into version values (439, 'KR', 'KR_movie219', '00000219');
insert into version values (440, 'KR', 'KR_movie220', '00000220');
insert into version values (441, 'IT', 'IT_movie1', '00000001');
insert into version values (442, 'IT', 'IT_movie2', '00000002');
insert into version values (443, 'IT', 'IT_movie3', '00000003');
insert into version values (444, 'IT', 'IT_movie4', '00000004');
insert into version values (445, 'IT', 'IT_movie5', '00000005');
insert into version values (446, 'IT', 'IT_movie6', '00000006');
insert into version values (447, 'IT', 'IT_movie7', '00000007');
insert into version values (448, 'IT', 'IT_movie8', '00000008');
insert into version values (449, 'IT', 'IT_movie9', '00000009');
insert into version values (450, 'IT', 'IT_movie10', '00000010');
insert into version values (451, 'IT', 'IT_movie11', '00000011');
insert into version values (452, 'IT', 'IT_movie12', '00000012');
insert into version values (453, 'IT', 'IT_movie13', '00000013');
insert into version values (454, 'IT', 'IT_movie14', '00000014');
insert into version values (455, 'IT', 'IT_movie15', '00000015');
insert into version values (456, 'IT', 'IT_movie16', '00000016');
insert into version values (457, 'IT', 'IT_movie17', '00000017');
insert into version values (458, 'IT', 'IT_movie18', '00000018');
insert into version values (459, 'IT', 'IT_movie19', '00000019');
insert into version values (460, 'IT', 'IT_movie20', '00000020');
insert into version values (461, 'IT', 'IT_movie21', '00000021');
insert into version values (462, 'IT', 'IT_movie22', '00000022');
insert into version values (463, 'IT', 'IT_movie23', '00000023');
insert into version values (464, 'IT', 'IT_movie24', '00000024');
insert into version values (465, 'IT', 'IT_movie25', '00000025');
insert into version values (466, 'IT', 'IT_movie26', '00000026');
insert into version values (467, 'IT', 'IT_movie27', '00000027');
insert into version values (468, 'IT', 'IT_movie28', '00000028');
insert into version values (469, 'IT', 'IT_movie29', '00000029');
insert into version values (470, 'IT', 'IT_movie30', '00000030');
insert into version values (471, 'IT', 'IT_movie31', '00000031');
insert into version values (472, 'IT', 'IT_movie32', '00000032');
insert into version values (473, 'IT', 'IT_movie33', '00000033');
insert into version values (474, 'IT', 'IT_movie34', '00000034');
insert into version values (475, 'IT', 'IT_movie35', '00000035');
insert into version values (476, 'IT', 'IT_movie36', '00000036');
insert into version values (477, 'IT', 'IT_movie37', '00000037');
insert into version values (478, 'IT', 'IT_movie38', '00000038');
insert into version values (479, 'IT', 'IT_movie39', '00000039');
insert into version values (480, 'IT', 'IT_movie40', '00000040');
insert into version values (481, 'IT', 'IT_movie41', '00000041');
insert into version values (482, 'IT', 'IT_movie42', '00000042');
insert into version values (483, 'IT', 'IT_movie43', '00000043');
insert into version values (484, 'IT', 'IT_movie44', '00000044');
insert into version values (485, 'IT', 'IT_movie45', '00000045');
insert into version values (486, 'IT', 'IT_movie46', '00000046');
insert into version values (487, 'IT', 'IT_movie47', '00000047');
insert into version values (488, 'IT', 'IT_movie48', '00000048');
insert into version values (489, 'IT', 'IT_movie49', '00000049');
insert into version values (490, 'IT', 'IT_movie50', '00000050');
insert into version values (491, 'IT', 'IT_movie51', '00000051');
insert into version values (492, 'IT', 'IT_movie52', '00000052');
insert into version values (493, 'IT', 'IT_movie53', '00000053');
insert into version values (494, 'IT', 'IT_movie54', '00000054');
insert into version values (495, 'IT', 'IT_movie55', '00000055');
insert into version values (496, 'IT', 'IT_movie56', '00000056');
insert into version values (497, 'IT', 'IT_movie57', '00000057');
insert into version values (498, 'IT', 'IT_movie58', '00000058');
insert into version values (499, 'IT', 'IT_movie59', '00000059');
insert into version values (500, 'IT', 'IT_movie60', '00000060');
insert into version values (501, 'IT', 'IT_movie61', '00000061');
insert into version values (502, 'IT', 'IT_movie62', '00000062');
insert into version values (503, 'IT', 'IT_movie63', '00000063');
insert into version values (504, 'IT', 'IT_movie64', '00000064');
insert into version values (505, 'IT', 'IT_movie65', '00000065');
insert into version values (506, 'IT', 'IT_movie66', '00000066');
insert into version values (507, 'IT', 'IT_movie67', '00000067');
insert into version values (508, 'IT', 'IT_movie68', '00000068');
insert into version values (509, 'IT', 'IT_movie69', '00000069');
insert into version values (510, 'IT', 'IT_movie70', '00000070');
insert into version values (511, 'IT', 'IT_movie71', '00000071');
insert into version values (512, 'IT', 'IT_movie72', '00000072');
insert into version values (513, 'IT', 'IT_movie73', '00000073');
insert into version values (514, 'IT', 'IT_movie74', '00000074');
insert into version values (515, 'IT', 'IT_movie75', '00000075');
insert into version values (516, 'IT', 'IT_movie76', '00000076');
insert into version values (517, 'IT', 'IT_movie77', '00000077');
insert into version values (518, 'IT', 'IT_movie78', '00000078');
insert into version values (519, 'IT', 'IT_movie79', '00000079');
insert into version values (520, 'IT', 'IT_movie80', '00000080');
insert into version values (521, 'IT', 'IT_movie81', '00000081');
insert into version values (522, 'IT', 'IT_movie82', '00000082');
insert into version values (523, 'IT', 'IT_movie83', '00000083');
insert into version values (524, 'IT', 'IT_movie84', '00000084');
insert into version values (525, 'IT', 'IT_movie85', '00000085');
insert into version values (526, 'IT', 'IT_movie86', '00000086');
insert into version values (527, 'IT', 'IT_movie87', '00000087');
insert into version values (528, 'IT', 'IT_movie88', '00000088');
insert into version values (529, 'IT', 'IT_movie89', '00000089');
insert into version values (530, 'IT', 'IT_movie90', '00000090');
insert into version values (531, 'IT', 'IT_movie91', '00000091');
insert into version values (532, 'IT', 'IT_movie92', '00000092');
insert into version values (533, 'IT', 'IT_movie93', '00000093');
insert into version values (534, 'IT', 'IT_movie94', '00000094');
insert into version values (535, 'IT', 'IT_movie95', '00000095');
insert into version values (536, 'IT', 'IT_movie96', '00000096');
insert into version values (537, 'IT', 'IT_movie97', '00000097');
insert into version values (538, 'IT', 'IT_movie98', '00000098');
insert into version values (539, 'IT', 'IT_movie99', '00000099');
insert into version values (540, 'IT', 'IT_movie100', '00000100');
insert into version values (541, 'IT', 'IT_movie101', '00000101');
insert into version values (542, 'IT', 'IT_movie102', '00000102');
insert into version values (543, 'IT', 'IT_movie103', '00000103');
insert into version values (544, 'IT', 'IT_movie104', '00000104');
insert into version values (545, 'IT', 'IT_movie105', '00000105');
insert into version values (546, 'IT', 'IT_movie106', '00000106');
insert into version values (547, 'IT', 'IT_movie107', '00000107');
insert into version values (548, 'IT', 'IT_movie108', '00000108');
insert into version values (549, 'IT', 'IT_movie109', '00000109');
insert into version values (550, 'IT', 'IT_movie110', '00000110');
insert into version values (551, 'IT', 'IT_movie111', '00000111');
insert into version values (552, 'IT', 'IT_movie112', '00000112');
insert into version values (553, 'IT', 'IT_movie113', '00000113');
insert into version values (554, 'IT', 'IT_movie114', '00000114');
insert into version values (555, 'IT', 'IT_movie115', '00000115');
insert into version values (556, 'IT', 'IT_movie116', '00000116');
insert into version values (557, 'IT', 'IT_movie117', '00000117');
insert into version values (558, 'IT', 'IT_movie118', '00000118');
insert into version values (559, 'IT', 'IT_movie119', '00000119');
insert into version values (560, 'IT', 'IT_movie120', '00000120');
insert into version values (561, 'IT', 'IT_movie121', '00000121');
insert into version values (562, 'IT', 'IT_movie122', '00000122');
insert into version values (563, 'IT', 'IT_movie123', '00000123');
insert into version values (564, 'IT', 'IT_movie124', '00000124');
insert into version values (565, 'IT', 'IT_movie125', '00000125');
insert into version values (566, 'IT', 'IT_movie126', '00000126');
insert into version values (567, 'IT', 'IT_movie127', '00000127');
insert into version values (568, 'IT', 'IT_movie128', '00000128');
insert into version values (569, 'IT', 'IT_movie129', '00000129');
insert into version values (570, 'IT', 'IT_movie130', '00000130');
insert into version values (571, 'IT', 'IT_movie131', '00000131');
insert into version values (572, 'IT', 'IT_movie132', '00000132');
insert into version values (573, 'IT', 'IT_movie133', '00000133');
insert into version values (574, 'IT', 'IT_movie134', '00000134');
insert into version values (575, 'IT', 'IT_movie135', '00000135');
insert into version values (576, 'IT', 'IT_movie136', '00000136');
insert into version values (577, 'IT', 'IT_movie137', '00000137');
insert into version values (578, 'IT', 'IT_movie138', '00000138');
insert into version values (579, 'IT', 'IT_movie139', '00000139');
insert into version values (580, 'IT', 'IT_movie140', '00000140');
insert into version values (581, 'IT', 'IT_movie141', '00000141');
insert into version values (582, 'IT', 'IT_movie142', '00000142');
insert into version values (583, 'IT', 'IT_movie143', '00000143');
insert into version values (584, 'IT', 'IT_movie144', '00000144');
insert into version values (585, 'IT', 'IT_movie145', '00000145');
insert into version values (586, 'IT', 'IT_movie146', '00000146');
insert into version values (587, 'IT', 'IT_movie147', '00000147');
insert into version values (588, 'IT', 'IT_movie148', '00000148');
insert into version values (589, 'IT', 'IT_movie149', '00000149');
insert into version values (590, 'IT', 'IT_movie150', '00000150');
insert into version values (591, 'IT', 'IT_movie151', '00000151');
insert into version values (592, 'IT', 'IT_movie152', '00000152');
insert into version values (593, 'IT', 'IT_movie153', '00000153');
insert into version values (594, 'IT', 'IT_movie154', '00000154');
insert into version values (595, 'IT', 'IT_movie155', '00000155');
insert into version values (596, 'IT', 'IT_movie156', '00000156');
insert into version values (597, 'IT', 'IT_movie157', '00000157');
insert into version values (598, 'IT', 'IT_movie158', '00000158');
insert into version values (599, 'IT', 'IT_movie159', '00000159');
insert into version values (600, 'IT', 'IT_movie160', '00000160');
insert into version values (601, 'IT', 'IT_movie161', '00000161');
insert into version values (602, 'IT', 'IT_movie162', '00000162');
insert into version values (603, 'IT', 'IT_movie163', '00000163');
insert into version values (604, 'IT', 'IT_movie164', '00000164');
insert into version values (605, 'IT', 'IT_movie165', '00000165');
insert into version values (606, 'IT', 'IT_movie166', '00000166');
insert into version values (607, 'IT', 'IT_movie167', '00000167');
insert into version values (608, 'IT', 'IT_movie168', '00000168');
insert into version values (609, 'IT', 'IT_movie169', '00000169');
insert into version values (610, 'IT', 'IT_movie170', '00000170');
insert into version values (611, 'IT', 'IT_movie171', '00000171');
insert into version values (612, 'IT', 'IT_movie172', '00000172');
insert into version values (613, 'IT', 'IT_movie173', '00000173');
insert into version values (614, 'IT', 'IT_movie174', '00000174');
insert into version values (615, 'IT', 'IT_movie175', '00000175');
insert into version values (616, 'IT', 'IT_movie176', '00000176');
insert into version values (617, 'IT', 'IT_movie177', '00000177');
insert into version values (618, 'IT', 'IT_movie178', '00000178');
insert into version values (619, 'IT', 'IT_movie179', '00000179');
insert into version values (620, 'IT', 'IT_movie180', '00000180');
insert into version values (621, 'IT', 'IT_movie181', '00000181');
insert into version values (622, 'IT', 'IT_movie182', '00000182');
insert into version values (623, 'IT', 'IT_movie183', '00000183');
insert into version values (624, 'IT', 'IT_movie184', '00000184');
insert into version values (625, 'IT', 'IT_movie185', '00000185');
insert into version values (626, 'IT', 'IT_movie186', '00000186');
insert into version values (627, 'IT', 'IT_movie187', '00000187');
insert into version values (628, 'IT', 'IT_movie188', '00000188');
insert into version values (629, 'IT', 'IT_movie189', '00000189');
insert into version values (630, 'IT', 'IT_movie190', '00000190');
insert into version values (631, 'IT', 'IT_movie191', '00000191');
insert into version values (632, 'IT', 'IT_movie192', '00000192');
insert into version values (633, 'IT', 'IT_movie193', '00000193');
insert into version values (634, 'IT', 'IT_movie194', '00000194');
insert into version values (635, 'IT', 'IT_movie195', '00000195');
insert into version values (636, 'IT', 'IT_movie196', '00000196');
insert into version values (637, 'IT', 'IT_movie197', '00000197');
insert into version values (638, 'IT', 'IT_movie198', '00000198');
insert into version values (639, 'IT', 'IT_movie199', '00000199');
insert into version values (640, 'IT', 'IT_movie200', '00000200');
insert into version values (641, 'IT', 'IT_movie201', '00000201');
insert into version values (642, 'IT', 'IT_movie202', '00000202');
insert into version values (643, 'IT', 'IT_movie203', '00000203');
insert into version values (644, 'IT', 'IT_movie204', '00000204');
insert into version values (645, 'IT', 'IT_movie205', '00000205');
insert into version values (646, 'IT', 'IT_movie206', '00000206');
insert into version values (647, 'IT', 'IT_movie207', '00000207');
insert into version values (648, 'IT', 'IT_movie208', '00000208');
insert into version values (649, 'IT', 'IT_movie209', '00000209');
insert into version values (650, 'IT', 'IT_movie210', '00000210');
insert into version values (651, 'IT', 'IT_movie211', '00000211');
insert into version values (652, 'IT', 'IT_movie212', '00000212');
insert into version values (653, 'IT', 'IT_movie213', '00000213');
insert into version values (654, 'IT', 'IT_movie214', '00000214');
insert into version values (655, 'IT', 'IT_movie215', '00000215');
insert into version values (656, 'IT', 'IT_movie216', '00000216');
insert into version values (657, 'IT', 'IT_movie217', '00000217');
insert into version values (658, 'IT', 'IT_movie218', '00000218');
insert into version values (659, 'IT', 'IT_movie219', '00000219');
insert into version values (660, 'IT', 'IT_movie220', '00000220');

insert into category values ('Action','00000001');
insert into category values ('Comedy','00000002');
insert into category values ('Romance','00000003');
insert into category values ('Drama','00000004');
insert into category values ('Thriller','00000005');
insert into category values ('Action','00000006');
insert into category values ('Comedy','00000007');
insert into category values ('Romance','00000008');
insert into category values ('Drama','00000009');
insert into category values ('Thriller','00000010');
insert into category values ('Action','00000011');
insert into category values ('Comedy','00000012');
insert into category values ('Romance','00000013');
insert into category values ('Drama','00000014');
insert into category values ('Thriller','00000015');
insert into category values ('Action','00000016');
insert into category values ('Comedy','00000017');
insert into category values ('Romance','00000018');
insert into category values ('Drama','00000019');
insert into category values ('Thriller','00000020');
insert into category values ('Action','00000021');
insert into category values ('Comedy','00000022');
insert into category values ('Romance','00000023');
insert into category values ('Drama','00000024');
insert into category values ('Thriller','00000025');
insert into category values ('Action','00000026');
insert into category values ('Comedy','00000027');
insert into category values ('Romance','00000028');
insert into category values ('Drama','00000029');
insert into category values ('Thriller','00000030');
insert into category values ('Action','00000031');
insert into category values ('Comedy','00000032');
insert into category values ('Romance','00000033');
insert into category values ('Drama','00000034');
insert into category values ('Thriller','00000035');
insert into category values ('Action','00000036');
insert into category values ('Comedy','00000037');
insert into category values ('Romance','00000038');
insert into category values ('Drama','00000039');
insert into category values ('Thriller','00000040');
insert into category values ('Action','00000041');
insert into category values ('Comedy','00000042');
insert into category values ('Romance','00000043');
insert into category values ('Drama','00000044');
insert into category values ('Thriller','00000045');
insert into category values ('Action','00000046');
insert into category values ('Comedy','00000047');
insert into category values ('Romance','00000048');
insert into category values ('Drama','00000049');
insert into category values ('Thriller','00000050');
insert into category values ('Action','00000051');
insert into category values ('Comedy','00000052');
insert into category values ('Romance','00000053');
insert into category values ('Drama','00000054');
insert into category values ('Thriller','00000055');
insert into category values ('Action','00000056');
insert into category values ('Comedy','00000057');
insert into category values ('Romance','00000058');
insert into category values ('Drama','00000059');
insert into category values ('Thriller','00000060');
insert into category values ('Action','00000061');
insert into category values ('Comedy','00000062');
insert into category values ('Romance','00000063');
insert into category values ('Drama','00000064');
insert into category values ('Thriller','00000065');
insert into category values ('Action','00000066');
insert into category values ('Comedy','00000067');
insert into category values ('Romance','00000068');
insert into category values ('Drama','00000069');
insert into category values ('Thriller','00000070');
insert into category values ('Action','00000071');
insert into category values ('Comedy','00000072');
insert into category values ('Romance','00000073');
insert into category values ('Drama','00000074');
insert into category values ('Thriller','00000075');
insert into category values ('Action','00000076');
insert into category values ('Comedy','00000077');
insert into category values ('Romance','00000078');
insert into category values ('Drama','00000079');
insert into category values ('Thriller','00000080');
insert into category values ('Action','00000081');
insert into category values ('Comedy','00000082');
insert into category values ('Romance','00000083');
insert into category values ('Drama','00000084');
insert into category values ('Thriller','00000085');
insert into category values ('Action','00000086');
insert into category values ('Comedy','00000087');
insert into category values ('Romance','00000088');
insert into category values ('Drama','00000089');
insert into category values ('Thriller','00000090');
insert into category values ('Action','00000091');
insert into category values ('Comedy','00000092');
insert into category values ('Romance','00000093');
insert into category values ('Drama','00000094');
insert into category values ('Thriller','00000095');
insert into category values ('Action','00000096');
insert into category values ('Comedy','00000097');
insert into category values ('Romance','00000098');
insert into category values ('Drama','00000099');
insert into category values ('Thriller','00000100');
insert into category values ('Action','00000101');
insert into category values ('Comedy','00000102');
insert into category values ('Romance','00000103');
insert into category values ('Drama','00000104');
insert into category values ('Thriller','00000105');
insert into category values ('Action','00000106');
insert into category values ('Comedy','00000107');
insert into category values ('Romance','00000108');
insert into category values ('Drama','00000109');
insert into category values ('Thriller','00000110');
insert into category values ('Action','00000111');
insert into category values ('Comedy','00000112');
insert into category values ('Romance','00000113');
insert into category values ('Drama','00000114');
insert into category values ('Thriller','00000115');
insert into category values ('Action','00000116');
insert into category values ('Comedy','00000117');
insert into category values ('Romance','00000118');
insert into category values ('Drama','00000119');
insert into category values ('Thriller','00000120');
insert into category values ('Action','00000121');
insert into category values ('Comedy','00000122');
insert into category values ('Romance','00000123');
insert into category values ('Drama','00000124');
insert into category values ('Thriller','00000125');
insert into category values ('Action','00000126');
insert into category values ('Comedy','00000127');
insert into category values ('Romance','00000128');
insert into category values ('Drama','00000129');
insert into category values ('Thriller','00000130');
insert into category values ('Action','00000131');
insert into category values ('Comedy','00000132');
insert into category values ('Romance','00000133');
insert into category values ('Drama','00000134');
insert into category values ('Thriller','00000135');
insert into category values ('Action','00000136');
insert into category values ('Comedy','00000137');
insert into category values ('Romance','00000138');
insert into category values ('Drama','00000139');
insert into category values ('Thriller','00000140');
insert into category values ('Action','00000141');
insert into category values ('Comedy','00000142');
insert into category values ('Romance','00000143');
insert into category values ('Drama','00000144');
insert into category values ('Thriller','00000145');
insert into category values ('Action','00000146');
insert into category values ('Comedy','00000147');
insert into category values ('Romance','00000148');
insert into category values ('Drama','00000149');
insert into category values ('Thriller','00000150');
insert into category values ('Action','00000151');
insert into category values ('Comedy','00000152');
insert into category values ('Romance','00000153');
insert into category values ('Drama','00000154');
insert into category values ('Thriller','00000155');
insert into category values ('Action','00000156');
insert into category values ('Comedy','00000157');
insert into category values ('Romance','00000158');
insert into category values ('Drama','00000159');
insert into category values ('Thriller','00000160');
insert into category values ('Action','00000161');
insert into category values ('Comedy','00000162');
insert into category values ('Romance','00000163');
insert into category values ('Drama','00000164');
insert into category values ('Thriller','00000165');
insert into category values ('Action','00000166');
insert into category values ('Comedy','00000167');
insert into category values ('Romance','00000168');
insert into category values ('Drama','00000169');
insert into category values ('Thriller','00000170');
insert into category values ('Action','00000171');
insert into category values ('Comedy','00000172');
insert into category values ('Romance','00000173');
insert into category values ('Drama','00000174');
insert into category values ('Thriller','00000175');
insert into category values ('Action','00000176');
insert into category values ('Comedy','00000177');
insert into category values ('Romance','00000178');
insert into category values ('Drama','00000179');
insert into category values ('Thriller','00000180');
insert into category values ('Action','00000181');
insert into category values ('Comedy','00000182');
insert into category values ('Romance','00000183');
insert into category values ('Drama','00000184');
insert into category values ('Thriller','00000185');
insert into category values ('Action','00000186');
insert into category values ('Comedy','00000187');
insert into category values ('Romance','00000188');
insert into category values ('Drama','00000189');
insert into category values ('Thriller','00000190');
insert into category values ('Action','00000191');
insert into category values ('Comedy','00000192');
insert into category values ('Romance','00000193');
insert into category values ('Drama','00000194');
insert into category values ('Thriller','00000195');
insert into category values ('Action','00000196');
insert into category values ('Comedy','00000197');
insert into category values ('Romance','00000198');
insert into category values ('Drama','00000199');
insert into category values ('Thriller','00000200');
insert into category values ('Action','00000201');
insert into category values ('Comedy','00000202');
insert into category values ('Romance','00000203');
insert into category values ('Drama','00000204');
insert into category values ('Thriller','00000205');
insert into category values ('Action','00000206');
insert into category values ('Comedy','00000207');
insert into category values ('Romance','00000208');
insert into category values ('Drama','00000209');
insert into category values ('Thriller','00000210');
insert into category values ('Action','00000211');
insert into category values ('Comedy','00000212');
insert into category values ('Romance','00000213');
insert into category values ('Drama','00000214');
insert into category values ('Thriller','00000215');
insert into category values ('Action','00000216');
insert into category values ('Comedy','00000217');
insert into category values ('Romance','00000218');
insert into category values ('Drama','00000219');
insert into category values ('Thriller','00000220');

insert into appearance values ('00000001', '00000001');
insert into appearance values ('00000002', '00000002');
insert into appearance values ('00000003', '00000003');
insert into appearance values ('00000004', '00000004');
insert into appearance values ('00000005', '00000005');
insert into appearance values ('00000006', '00000006');
insert into appearance values ('00000007', '00000007');
insert into appearance values ('00000008', '00000008');
insert into appearance values ('00000009', '00000009');
insert into appearance values ('00000010', '00000010');
insert into appearance values ('00000011', '00000011');
insert into appearance values ('00000012', '00000012');
insert into appearance values ('00000013', '00000013');
insert into appearance values ('00000014', '00000014');
insert into appearance values ('00000015', '00000015');
insert into appearance values ('00000016', '00000016');
insert into appearance values ('00000017', '00000017');
insert into appearance values ('00000018', '00000018');
insert into appearance values ('00000019', '00000019');
insert into appearance values ('00000020', '00000020');
insert into appearance values ('00000021', '00000021');
insert into appearance values ('00000022', '00000022');
insert into appearance values ('00000023', '00000023');
insert into appearance values ('00000024', '00000024');
insert into appearance values ('00000025', '00000025');
insert into appearance values ('00000026', '00000026');
insert into appearance values ('00000027', '00000027');
insert into appearance values ('00000028', '00000028');
insert into appearance values ('00000029', '00000029');
insert into appearance values ('00000030', '00000030');
insert into appearance values ('00000031', '00000031');
insert into appearance values ('00000032', '00000032');
insert into appearance values ('00000033', '00000033');
insert into appearance values ('00000034', '00000034');
insert into appearance values ('00000035', '00000035');
insert into appearance values ('00000036', '00000036');
insert into appearance values ('00000037', '00000037');
insert into appearance values ('00000038', '00000038');
insert into appearance values ('00000039', '00000039');
insert into appearance values ('00000040', '00000040');
insert into appearance values ('00000041', '00000041');
insert into appearance values ('00000042', '00000042');
insert into appearance values ('00000043', '00000043');
insert into appearance values ('00000044', '00000044');
insert into appearance values ('00000045', '00000045');
insert into appearance values ('00000046', '00000046');
insert into appearance values ('00000047', '00000047');
insert into appearance values ('00000048', '00000048');
insert into appearance values ('00000049', '00000049');
insert into appearance values ('00000050', '00000050');
insert into appearance values ('00000051', '00000051');
insert into appearance values ('00000052', '00000052');
insert into appearance values ('00000053', '00000053');
insert into appearance values ('00000054', '00000054');
insert into appearance values ('00000055', '00000055');
insert into appearance values ('00000056', '00000056');
insert into appearance values ('00000057', '00000057');
insert into appearance values ('00000058', '00000058');
insert into appearance values ('00000059', '00000059');
insert into appearance values ('00000060', '00000060');
insert into appearance values ('00000061', '00000061');
insert into appearance values ('00000062', '00000062');
insert into appearance values ('00000063', '00000063');
insert into appearance values ('00000064', '00000064');
insert into appearance values ('00000065', '00000065');
insert into appearance values ('00000066', '00000066');
insert into appearance values ('00000067', '00000067');
insert into appearance values ('00000068', '00000068');
insert into appearance values ('00000069', '00000069');
insert into appearance values ('00000070', '00000070');
insert into appearance values ('00000071', '00000071');
insert into appearance values ('00000072', '00000072');
insert into appearance values ('00000073', '00000073');
insert into appearance values ('00000074', '00000074');
insert into appearance values ('00000075', '00000075');
insert into appearance values ('00000076', '00000076');
insert into appearance values ('00000077', '00000077');
insert into appearance values ('00000078', '00000078');
insert into appearance values ('00000079', '00000079');
insert into appearance values ('00000080', '00000080');
insert into appearance values ('00000081', '00000081');
insert into appearance values ('00000082', '00000082');
insert into appearance values ('00000083', '00000083');
insert into appearance values ('00000084', '00000084');
insert into appearance values ('00000085', '00000085');
insert into appearance values ('00000086', '00000086');
insert into appearance values ('00000087', '00000087');
insert into appearance values ('00000088', '00000088');
insert into appearance values ('00000089', '00000089');
insert into appearance values ('00000090', '00000090');
insert into appearance values ('00000091', '00000091');
insert into appearance values ('00000092', '00000092');
insert into appearance values ('00000093', '00000093');
insert into appearance values ('00000094', '00000094');
insert into appearance values ('00000095', '00000095');
insert into appearance values ('00000096', '00000096');
insert into appearance values ('00000097', '00000097');
insert into appearance values ('00000098', '00000098');
insert into appearance values ('00000099', '00000099');
insert into appearance values ('00000100', '00000100');
insert into appearance values ('00000101', '00000001');
insert into appearance values ('00000102', '00000002');
insert into appearance values ('00000103', '00000003');
insert into appearance values ('00000104', '00000004');
insert into appearance values ('00000105', '00000005');
insert into appearance values ('00000106', '00000006');
insert into appearance values ('00000107', '00000007');
insert into appearance values ('00000108', '00000008');
insert into appearance values ('00000109', '00000009');
insert into appearance values ('00000110', '00000010');
insert into appearance values ('00000111', '00000011');
insert into appearance values ('00000112', '00000012');
insert into appearance values ('00000113', '00000013');
insert into appearance values ('00000114', '00000014');
insert into appearance values ('00000115', '00000015');
insert into appearance values ('00000116', '00000016');
insert into appearance values ('00000117', '00000017');
insert into appearance values ('00000118', '00000018');
insert into appearance values ('00000119', '00000019');
insert into appearance values ('00000120', '00000020');
insert into appearance values ('00000121', '00000021');
insert into appearance values ('00000122', '00000022');
insert into appearance values ('00000123', '00000023');
insert into appearance values ('00000124', '00000024');
insert into appearance values ('00000125', '00000025');
insert into appearance values ('00000126', '00000026');
insert into appearance values ('00000127', '00000027');
insert into appearance values ('00000128', '00000028');
insert into appearance values ('00000129', '00000029');
insert into appearance values ('00000130', '00000030');
insert into appearance values ('00000131', '00000031');
insert into appearance values ('00000132', '00000032');
insert into appearance values ('00000133', '00000033');
insert into appearance values ('00000134', '00000034');
insert into appearance values ('00000135', '00000035');
insert into appearance values ('00000136', '00000036');
insert into appearance values ('00000137', '00000037');
insert into appearance values ('00000138', '00000038');
insert into appearance values ('00000139', '00000039');
insert into appearance values ('00000140', '00000040');
insert into appearance values ('00000141', '00000041');
insert into appearance values ('00000142', '00000042');
insert into appearance values ('00000143', '00000043');
insert into appearance values ('00000144', '00000044');
insert into appearance values ('00000145', '00000045');
insert into appearance values ('00000146', '00000046');
insert into appearance values ('00000147', '00000047');
insert into appearance values ('00000148', '00000048');
insert into appearance values ('00000149', '00000049');
insert into appearance values ('00000150', '00000050');
insert into appearance values ('00000151', '00000051');
insert into appearance values ('00000152', '00000052');
insert into appearance values ('00000153', '00000053');
insert into appearance values ('00000154', '00000054');
insert into appearance values ('00000155', '00000055');
insert into appearance values ('00000156', '00000056');
insert into appearance values ('00000157', '00000057');
insert into appearance values ('00000158', '00000058');
insert into appearance values ('00000159', '00000059');
insert into appearance values ('00000160', '00000060');
insert into appearance values ('00000161', '00000061');
insert into appearance values ('00000162', '00000062');
insert into appearance values ('00000163', '00000063');
insert into appearance values ('00000164', '00000064');
insert into appearance values ('00000165', '00000065');
insert into appearance values ('00000166', '00000066');
insert into appearance values ('00000167', '00000067');
insert into appearance values ('00000168', '00000068');
insert into appearance values ('00000169', '00000069');
insert into appearance values ('00000170', '00000070');
insert into appearance values ('00000171', '00000071');
insert into appearance values ('00000172', '00000072');
insert into appearance values ('00000173', '00000073');
insert into appearance values ('00000174', '00000074');
insert into appearance values ('00000175', '00000075');
insert into appearance values ('00000176', '00000076');
insert into appearance values ('00000177', '00000077');
insert into appearance values ('00000178', '00000078');
insert into appearance values ('00000179', '00000079');
insert into appearance values ('00000180', '00000080');
insert into appearance values ('00000181', '00000081');
insert into appearance values ('00000182', '00000082');
insert into appearance values ('00000183', '00000083');
insert into appearance values ('00000184', '00000084');
insert into appearance values ('00000185', '00000085');
insert into appearance values ('00000186', '00000086');
insert into appearance values ('00000187', '00000087');
insert into appearance values ('00000188', '00000088');
insert into appearance values ('00000189', '00000089');
insert into appearance values ('00000190', '00000090');
insert into appearance values ('00000191', '00000091');
insert into appearance values ('00000192', '00000092');
insert into appearance values ('00000193', '00000093');
insert into appearance values ('00000194', '00000094');
insert into appearance values ('00000195', '00000095');
insert into appearance values ('00000196', '00000096');
insert into appearance values ('00000197', '00000097');
insert into appearance values ('00000198', '00000098');
insert into appearance values ('00000199', '00000099');
insert into appearance values ('00000200', '00000100');
insert into appearance values ('00000201', '00000001');
insert into appearance values ('00000202', '00000002');
insert into appearance values ('00000203', '00000003');
insert into appearance values ('00000204', '00000004');
insert into appearance values ('00000205', '00000005');
insert into appearance values ('00000206', '00000006');
insert into appearance values ('00000207', '00000007');
insert into appearance values ('00000208', '00000008');
insert into appearance values ('00000209', '00000009');
insert into appearance values ('00000210', '00000010');
insert into appearance values ('00000211', '00000011');
insert into appearance values ('00000212', '00000012');
insert into appearance values ('00000213', '00000013');
insert into appearance values ('00000214', '00000014');
insert into appearance values ('00000215', '00000015');
insert into appearance values ('00000216', '00000016');
insert into appearance values ('00000217', '00000017');
insert into appearance values ('00000218', '00000018');
insert into appearance values ('00000219', '00000019');
insert into appearance values ('00000220', '00000020');
insert into appearance values ('00000001', '00000021');
insert into appearance values ('00000002', '00000022');
insert into appearance values ('00000003', '00000023');
insert into appearance values ('00000004', '00000024');
insert into appearance values ('00000005', '00000025');
insert into appearance values ('00000006', '00000026');
insert into appearance values ('00000007', '00000027');
insert into appearance values ('00000008', '00000028');
insert into appearance values ('00000009', '00000029');
insert into appearance values ('00000010', '00000030');
insert into appearance values ('00000011', '00000031');
insert into appearance values ('00000012', '00000032');
insert into appearance values ('00000013', '00000033');
insert into appearance values ('00000014', '00000034');
insert into appearance values ('00000015', '00000035');
insert into appearance values ('00000016', '00000036');
insert into appearance values ('00000017', '00000037');
insert into appearance values ('00000018', '00000038');
insert into appearance values ('00000019', '00000039');
insert into appearance values ('00000020', '00000040');
insert into appearance values ('00000021', '00000041');
insert into appearance values ('00000022', '00000042');
insert into appearance values ('00000023', '00000043');
insert into appearance values ('00000024', '00000044');
insert into appearance values ('00000025', '00000045');
insert into appearance values ('00000026', '00000046');
insert into appearance values ('00000027', '00000047');
insert into appearance values ('00000028', '00000048');
insert into appearance values ('00000029', '00000049');
insert into appearance values ('00000030', '00000050');
insert into appearance values ('00000031', '00000051');
insert into appearance values ('00000032', '00000052');
insert into appearance values ('00000033', '00000053');
insert into appearance values ('00000034', '00000054');
insert into appearance values ('00000035', '00000055');
insert into appearance values ('00000036', '00000056');
insert into appearance values ('00000037', '00000057');
insert into appearance values ('00000038', '00000058');
insert into appearance values ('00000039', '00000059');
insert into appearance values ('00000040', '00000060');
insert into appearance values ('00000041', '00000061');
insert into appearance values ('00000042', '00000062');
insert into appearance values ('00000043', '00000063');
insert into appearance values ('00000044', '00000064');
insert into appearance values ('00000045', '00000065');
insert into appearance values ('00000046', '00000066');
insert into appearance values ('00000047', '00000067');
insert into appearance values ('00000048', '00000068');
insert into appearance values ('00000049', '00000069');
insert into appearance values ('00000050', '00000070');
insert into appearance values ('00000051', '00000071');
insert into appearance values ('00000052', '00000072');
insert into appearance values ('00000053', '00000073');
insert into appearance values ('00000054', '00000074');
insert into appearance values ('00000055', '00000075');
insert into appearance values ('00000056', '00000076');
insert into appearance values ('00000057', '00000077');
insert into appearance values ('00000058', '00000078');
insert into appearance values ('00000059', '00000079');
insert into appearance values ('00000060', '00000080');
insert into appearance values ('00000061', '00000081');
insert into appearance values ('00000062', '00000082');
insert into appearance values ('00000063', '00000083');
insert into appearance values ('00000064', '00000084');
insert into appearance values ('00000065', '00000085');
insert into appearance values ('00000066', '00000086');
insert into appearance values ('00000067', '00000087');
insert into appearance values ('00000068', '00000088');
insert into appearance values ('00000069', '00000089');
insert into appearance values ('00000070', '00000090');
insert into appearance values ('00000071', '00000091');
insert into appearance values ('00000072', '00000092');
insert into appearance values ('00000073', '00000093');
insert into appearance values ('00000074', '00000094');
insert into appearance values ('00000075', '00000095');
insert into appearance values ('00000076', '00000096');
insert into appearance values ('00000077', '00000097');
insert into appearance values ('00000078', '00000098');
insert into appearance values ('00000079', '00000099');
insert into appearance values ('00000080', '00000100');
insert into appearance values ('00000081', '00000001');
insert into appearance values ('00000082', '00000002');
insert into appearance values ('00000083', '00000003');
insert into appearance values ('00000084', '00000004');
insert into appearance values ('00000085', '00000005');
insert into appearance values ('00000086', '00000006');
insert into appearance values ('00000087', '00000007');
insert into appearance values ('00000088', '00000008');
insert into appearance values ('00000089', '00000009');
insert into appearance values ('00000090', '00000010');
insert into appearance values ('00000091', '00000011');
insert into appearance values ('00000092', '00000012');
insert into appearance values ('00000093', '00000013');
insert into appearance values ('00000094', '00000014');
insert into appearance values ('00000095', '00000015');
insert into appearance values ('00000096', '00000016');
insert into appearance values ('00000097', '00000017');
insert into appearance values ('00000098', '00000018');
insert into appearance values ('00000099', '00000019');
insert into appearance values ('00000100', '00000020');
insert into appearance values ('00000101', '00000021');
insert into appearance values ('00000102', '00000022');
insert into appearance values ('00000103', '00000023');
insert into appearance values ('00000104', '00000024');
insert into appearance values ('00000105', '00000025');
insert into appearance values ('00000106', '00000026');
insert into appearance values ('00000107', '00000027');
insert into appearance values ('00000108', '00000028');
insert into appearance values ('00000109', '00000029');
insert into appearance values ('00000110', '00000030');
insert into appearance values ('00000111', '00000031');
insert into appearance values ('00000112', '00000032');
insert into appearance values ('00000113', '00000033');
insert into appearance values ('00000114', '00000034');
insert into appearance values ('00000115', '00000035');
insert into appearance values ('00000116', '00000036');
insert into appearance values ('00000117', '00000037');
insert into appearance values ('00000118', '00000038');
insert into appearance values ('00000119', '00000039');
insert into appearance values ('00000120', '00000040');
insert into appearance values ('00000121', '00000041');
insert into appearance values ('00000122', '00000042');
insert into appearance values ('00000123', '00000043');
insert into appearance values ('00000124', '00000044');
insert into appearance values ('00000125', '00000045');
insert into appearance values ('00000126', '00000046');
insert into appearance values ('00000127', '00000047');
insert into appearance values ('00000128', '00000048');
insert into appearance values ('00000129', '00000049');
insert into appearance values ('00000130', '00000050');
insert into appearance values ('00000131', '00000051');
insert into appearance values ('00000132', '00000052');
insert into appearance values ('00000133', '00000053');
insert into appearance values ('00000134', '00000054');
insert into appearance values ('00000135', '00000055');
insert into appearance values ('00000136', '00000056');
insert into appearance values ('00000137', '00000057');
insert into appearance values ('00000138', '00000058');
insert into appearance values ('00000139', '00000059');
insert into appearance values ('00000140', '00000060');
insert into appearance values ('00000141', '00000061');
insert into appearance values ('00000142', '00000062');
insert into appearance values ('00000143', '00000063');
insert into appearance values ('00000144', '00000064');
insert into appearance values ('00000145', '00000065');
insert into appearance values ('00000146', '00000066');
insert into appearance values ('00000147', '00000067');
insert into appearance values ('00000148', '00000068');
insert into appearance values ('00000149', '00000069');
insert into appearance values ('00000150', '00000070');
insert into appearance values ('00000151', '00000071');
insert into appearance values ('00000152', '00000072');
insert into appearance values ('00000153', '00000073');
insert into appearance values ('00000154', '00000074');
insert into appearance values ('00000155', '00000075');
insert into appearance values ('00000156', '00000076');
insert into appearance values ('00000157', '00000077');
insert into appearance values ('00000158', '00000078');
insert into appearance values ('00000159', '00000079');
insert into appearance values ('00000160', '00000080');
insert into appearance values ('00000161', '00000081');
insert into appearance values ('00000162', '00000082');
insert into appearance values ('00000163', '00000083');
insert into appearance values ('00000164', '00000084');
insert into appearance values ('00000165', '00000085');
insert into appearance values ('00000166', '00000086');
insert into appearance values ('00000167', '00000087');
insert into appearance values ('00000168', '00000088');
insert into appearance values ('00000169', '00000089');
insert into appearance values ('00000170', '00000090');
insert into appearance values ('00000171', '00000091');
insert into appearance values ('00000172', '00000092');
insert into appearance values ('00000173', '00000093');
insert into appearance values ('00000174', '00000094');
insert into appearance values ('00000175', '00000095');
insert into appearance values ('00000176', '00000096');
insert into appearance values ('00000177', '00000097');
insert into appearance values ('00000178', '00000098');
insert into appearance values ('00000179', '00000099');
insert into appearance values ('00000180', '00000100');
insert into appearance values ('00000181', '00000001');
insert into appearance values ('00000182', '00000002');
insert into appearance values ('00000183', '00000003');
insert into appearance values ('00000184', '00000004');
insert into appearance values ('00000185', '00000005');
insert into appearance values ('00000186', '00000006');
insert into appearance values ('00000187', '00000007');
insert into appearance values ('00000188', '00000008');
insert into appearance values ('00000189', '00000009');
insert into appearance values ('00000190', '00000010');
insert into appearance values ('00000191', '00000011');
insert into appearance values ('00000192', '00000012');
insert into appearance values ('00000193', '00000013');
insert into appearance values ('00000194', '00000014');
insert into appearance values ('00000195', '00000015');
insert into appearance values ('00000196', '00000016');
insert into appearance values ('00000197', '00000017');
insert into appearance values ('00000198', '00000018');
insert into appearance values ('00000199', '00000019');
insert into appearance values ('00000200', '00000020');
insert into appearance values ('00000201', '00000021');
insert into appearance values ('00000202', '00000022');
insert into appearance values ('00000203', '00000023');
insert into appearance values ('00000204', '00000024');
insert into appearance values ('00000205', '00000025');
insert into appearance values ('00000206', '00000026');
insert into appearance values ('00000207', '00000027');
insert into appearance values ('00000208', '00000028');
insert into appearance values ('00000209', '00000029');
insert into appearance values ('00000210', '00000030');
insert into appearance values ('00000211', '00000031');
insert into appearance values ('00000212', '00000032');
insert into appearance values ('00000213', '00000033');
insert into appearance values ('00000214', '00000034');
insert into appearance values ('00000215', '00000035');
insert into appearance values ('00000216', '00000036');
insert into appearance values ('00000217', '00000037');
insert into appearance values ('00000218', '00000038');
insert into appearance values ('00000219', '00000039');
insert into appearance values ('00000220', '00000040');

insert into write_rate values (1,'acc1','00000001');
insert into write_rate values (2,'acc2','00000002');
insert into write_rate values (3,'acc3','00000003');
insert into write_rate values (4,'acc4','00000004');
insert into write_rate values (5,'acc5','00000005');
insert into write_rate values (6,'acc6','00000006');
insert into write_rate values (7,'acc7','00000007');
insert into write_rate values (8,'acc8','00000008');
insert into write_rate values (9,'acc9','00000009');
insert into write_rate values (10,'acc10','00000010');
insert into write_rate values (11,'acc11','00000011');
insert into write_rate values (12,'acc12','00000012');
insert into write_rate values (13,'acc13','00000013');
insert into write_rate values (14,'acc14','00000014');
insert into write_rate values (15,'acc15','00000015');
insert into write_rate values (16,'acc16','00000016');
insert into write_rate values (17,'acc17','00000017');
insert into write_rate values (18,'acc18','00000018');
insert into write_rate values (19,'acc19','00000019');
insert into write_rate values (20,'acc20','00000020');
insert into write_rate values (21,'acc21','00000021');
insert into write_rate values (22,'acc22','00000022');
insert into write_rate values (23,'acc23','00000023');
insert into write_rate values (24,'acc24','00000024');
insert into write_rate values (25,'acc25','00000025');
insert into write_rate values (26,'acc26','00000026');
insert into write_rate values (27,'acc27','00000027');
insert into write_rate values (28,'acc28','00000028');
insert into write_rate values (29,'acc29','00000029');
insert into write_rate values (30,'acc30','00000030');
insert into write_rate values (31,'acc31','00000031');
insert into write_rate values (32,'acc32','00000032');
insert into write_rate values (33,'acc33','00000033');
insert into write_rate values (34,'acc34','00000034');
insert into write_rate values (35,'acc35','00000035');
insert into write_rate values (36,'acc36','00000036');
insert into write_rate values (37,'acc37','00000037');
insert into write_rate values (38,'acc38','00000038');
insert into write_rate values (39,'acc39','00000039');
insert into write_rate values (40,'acc40','00000040');
insert into write_rate values (41,'acc41','00000041');
insert into write_rate values (42,'acc42','00000042');
insert into write_rate values (43,'acc43','00000043');
insert into write_rate values (44,'acc44','00000044');
insert into write_rate values (45,'acc45','00000045');
insert into write_rate values (46,'acc46','00000046');
insert into write_rate values (47,'acc47','00000047');
insert into write_rate values (48,'acc48','00000048');
insert into write_rate values (49,'acc49','00000049');
insert into write_rate values (50,'acc50','00000050');
insert into write_rate values (51,'acc51','00000051');
insert into write_rate values (52,'acc52','00000052');
insert into write_rate values (53,'acc53','00000053');
insert into write_rate values (54,'acc54','00000054');
insert into write_rate values (55,'acc55','00000055');
insert into write_rate values (56,'acc56','00000056');
insert into write_rate values (57,'acc57','00000057');
insert into write_rate values (58,'acc58','00000058');
insert into write_rate values (59,'acc59','00000059');
insert into write_rate values (60,'acc60','00000060');
insert into write_rate values (61,'acc61','00000061');
insert into write_rate values (62,'acc62','00000062');
insert into write_rate values (63,'acc63','00000063');
insert into write_rate values (64,'acc64','00000064');
insert into write_rate values (65,'acc65','00000065');
insert into write_rate values (66,'acc66','00000066');
insert into write_rate values (67,'acc67','00000067');
insert into write_rate values (68,'acc68','00000068');
insert into write_rate values (69,'acc69','00000069');
insert into write_rate values (70,'acc70','00000070');
insert into write_rate values (71,'acc71','00000071');
insert into write_rate values (72,'acc72','00000072');
insert into write_rate values (73,'acc73','00000073');
insert into write_rate values (74,'acc74','00000074');
insert into write_rate values (75,'acc75','00000075');
insert into write_rate values (76,'acc76','00000076');
insert into write_rate values (77,'acc77','00000077');
insert into write_rate values (78,'acc78','00000078');
insert into write_rate values (79,'acc79','00000079');
insert into write_rate values (80,'acc80','00000080');
insert into write_rate values (81,'acc81','00000081');
insert into write_rate values (82,'acc82','00000082');
insert into write_rate values (83,'acc83','00000083');
insert into write_rate values (84,'acc84','00000084');
insert into write_rate values (85,'acc85','00000085');
insert into write_rate values (86,'acc86','00000086');
insert into write_rate values (87,'acc87','00000087');
insert into write_rate values (88,'acc88','00000088');
insert into write_rate values (89,'acc89','00000089');
insert into write_rate values (90,'acc90','00000090');
insert into write_rate values (91,'acc91','00000091');
insert into write_rate values (92,'acc92','00000092');
insert into write_rate values (93,'acc93','00000093');
insert into write_rate values (94,'acc94','00000094');
insert into write_rate values (95,'acc95','00000095');
insert into write_rate values (96,'acc96','00000096');
insert into write_rate values (97,'acc97','00000097');
insert into write_rate values (98,'acc98','00000098');
insert into write_rate values (99,'acc99','00000099');
insert into write_rate values (100,'acc100','00000100');
insert into write_rate values (101,'acc1','00000101');
insert into write_rate values (102,'acc2','00000102');
insert into write_rate values (103,'acc3','00000103');
insert into write_rate values (104,'acc4','00000104');
insert into write_rate values (105,'acc5','00000105');
insert into write_rate values (106,'acc6','00000106');
insert into write_rate values (107,'acc7','00000107');
insert into write_rate values (108,'acc8','00000108');
insert into write_rate values (109,'acc9','00000109');
insert into write_rate values (110,'acc10','00000110');
insert into write_rate values (111,'acc11','00000111');
insert into write_rate values (112,'acc12','00000112');
insert into write_rate values (113,'acc13','00000113');
insert into write_rate values (114,'acc14','00000114');
insert into write_rate values (115,'acc15','00000115');
insert into write_rate values (116,'acc16','00000116');
insert into write_rate values (117,'acc17','00000117');
insert into write_rate values (118,'acc18','00000118');
insert into write_rate values (119,'acc19','00000119');
insert into write_rate values (120,'acc20','00000120');
insert into write_rate values (121,'acc21','00000121');
insert into write_rate values (122,'acc22','00000122');
insert into write_rate values (123,'acc23','00000123');
insert into write_rate values (124,'acc24','00000124');
insert into write_rate values (125,'acc25','00000125');
insert into write_rate values (126,'acc26','00000126');
insert into write_rate values (127,'acc27','00000127');
insert into write_rate values (128,'acc28','00000128');
insert into write_rate values (129,'acc29','00000129');
insert into write_rate values (130,'acc30','00000130');
insert into write_rate values (131,'acc31','00000131');
insert into write_rate values (132,'acc32','00000132');
insert into write_rate values (133,'acc33','00000133');
insert into write_rate values (134,'acc34','00000134');
insert into write_rate values (135,'acc35','00000135');
insert into write_rate values (136,'acc36','00000136');
insert into write_rate values (137,'acc37','00000137');
insert into write_rate values (138,'acc38','00000138');
insert into write_rate values (139,'acc39','00000139');
insert into write_rate values (140,'acc40','00000140');
insert into write_rate values (141,'acc41','00000141');
insert into write_rate values (142,'acc42','00000142');
insert into write_rate values (143,'acc43','00000143');
insert into write_rate values (144,'acc44','00000144');
insert into write_rate values (145,'acc45','00000145');
insert into write_rate values (146,'acc46','00000146');
insert into write_rate values (147,'acc47','00000147');
insert into write_rate values (148,'acc48','00000148');
insert into write_rate values (149,'acc49','00000149');
insert into write_rate values (150,'acc50','00000150');
insert into write_rate values (151,'acc51','00000151');
insert into write_rate values (152,'acc52','00000152');
insert into write_rate values (153,'acc53','00000153');
insert into write_rate values (154,'acc54','00000154');
insert into write_rate values (155,'acc55','00000155');
insert into write_rate values (156,'acc56','00000156');
insert into write_rate values (157,'acc57','00000157');
insert into write_rate values (158,'acc58','00000158');
insert into write_rate values (159,'acc59','00000159');
insert into write_rate values (160,'acc60','00000160');
insert into write_rate values (161,'acc61','00000161');
insert into write_rate values (162,'acc62','00000162');
insert into write_rate values (163,'acc63','00000163');
insert into write_rate values (164,'acc64','00000164');
insert into write_rate values (165,'acc65','00000165');
insert into write_rate values (166,'acc66','00000166');
insert into write_rate values (167,'acc67','00000167');
insert into write_rate values (168,'acc68','00000168');
insert into write_rate values (169,'acc69','00000169');
insert into write_rate values (170,'acc70','00000170');
insert into write_rate values (171,'acc71','00000171');
insert into write_rate values (172,'acc72','00000172');
insert into write_rate values (173,'acc73','00000173');
insert into write_rate values (174,'acc74','00000174');
insert into write_rate values (175,'acc75','00000175');
insert into write_rate values (176,'acc76','00000176');
insert into write_rate values (177,'acc77','00000177');
insert into write_rate values (178,'acc78','00000178');
insert into write_rate values (179,'acc79','00000179');
insert into write_rate values (180,'acc80','00000180');
insert into write_rate values (181,'acc81','00000181');
insert into write_rate values (182,'acc82','00000182');
insert into write_rate values (183,'acc83','00000183');
insert into write_rate values (184,'acc84','00000184');
insert into write_rate values (185,'acc85','00000185');
insert into write_rate values (186,'acc86','00000186');
insert into write_rate values (187,'acc87','00000187');
insert into write_rate values (188,'acc88','00000188');
insert into write_rate values (189,'acc89','00000189');
insert into write_rate values (190,'acc90','00000190');
insert into write_rate values (191,'acc91','00000191');
insert into write_rate values (192,'acc92','00000192');
insert into write_rate values (193,'acc93','00000193');
insert into write_rate values (194,'acc94','00000194');
insert into write_rate values (195,'acc95','00000195');
insert into write_rate values (196,'acc96','00000196');
insert into write_rate values (197,'acc97','00000197');
insert into write_rate values (198,'acc98','00000198');
insert into write_rate values (199,'acc99','00000199');
insert into write_rate values (200,'acc100','00000200');

commit;